"Kod","Miejscowość","Dzielnica","Ulica","Numery","Gmina","Powiat","Województwo"
"(adsbygoogle = window.adsbygoogle || []).push({});"
"87-890","Kolonia Łódź","","","","Lubraniec","włocławski","kujawsko-pomorskie"
"91-474","Łódź","Bałuty","Biegańskiego Władysława (Doktora Władysława Biegańskiego)","28-45","Łódź","Łódź","łódzkie"
"91-745","Łódź","Bałuty","Reja Mikołaja","","Łódź","Łódź","łódzkie"
"93-247","Łódź","Górna","Felińskiego Alojzego","11-17(n)","Łódź","Łódź","łódzkie"
"93-236","Łódź","Górna","Kruczkowskiego Leona","","Łódź","Łódź","łódzkie"
"94-124","Łódź","Polesie","Bojerowa","","Łódź","Łódź","łódzkie"
"94-212","Łódź","Polesie","Lemieszowa","","Łódź","Łódź","łódzkie"
"91-360","Łódź","Bałuty","Nefrytowa","","Łódź","Łódź","łódzkie"
"91-864","Łódź","Bałuty","Stokrotki","","Łódź","Łódź","łódzkie"
"91-478","Łódź","Bałuty","Zgierska","125-127(n)","Łódź","Łódź","łódzkie"
"(adsbygoogle = window.adsbygoogle || []).push({});"
"92-407","Łódź","Widzew","Rogowicza Stefana","","Łódź","Łódź","łódzkie"
"93-358","Łódź","Górna","Trybunalska","","Łódź","Łódź","łódzkie"
"90-717","Łódź","Polesie","1 Maja Al.","1-17(n)","Łódź","Łódź","łódzkie"
"90-222","Łódź","Śródmieście","Rewolucji 1905 R.","54-70(p)","Łódź","Łódź","łódzkie"
"91-104","Łódź","Bałuty","Bielicowa","","Łódź","Łódź","łódzkie"
"91-864","Łódź","Bałuty","Robotnicza","","Łódź","Łódź","łódzkie"
"93-582","Łódź","Górna","Felsztyńskiego Sebastiana","","Łódź","Łódź","łódzkie"
"93-443","Łódź","Górna","Kurantowa","","Łódź","Łódź","łódzkie"
"94-247","Łódź","Polesie","Borowa","","Łódź","Łódź","łódzkie"
"90-743","Łódź","Polesie","Lipowa","10-22(p), 13-27(n)","Łódź","Łódź","łódzkie"
"(adsbygoogle = window.adsbygoogle || []).push({});"
"91-495","Łódź","Bałuty","Nenufarowa","","Łódź","Łódź","łódzkie"
"91-356","Łódź","Bałuty","Storczykowa","","Łódź","Łódź","łódzkie"
"91-488","Łódź","Bałuty","Zgierska","129-143(n)","Łódź","Łódź","łódzkie"
"92-620","Łódź","Widzew","Rokicińska","193-365(n), 218-426(p)","Łódź","Łódź","łódzkie"
"93-229","Łódź","Górna","Turbinowa","","Łódź","Łódź","łódzkie"
"90-739","Łódź","Polesie","1 Maja Al.","19-39(n)","Łódź","Łódź","łódzkie"
"90-223","Łódź","Śródmieście","Rewolucji 1905 R.","72-86(p)","Łódź","Łódź","łódzkie"
"91-536","Łódź","Bałuty","Bittdorfa Anastazego","","Łódź","Łódź","łódzkie"
"91-527","Łódź","Bałuty","Rogowska","61-DK","Łódź","Łódź","łódzkie"
"93-405","Łódź","Górna","Finansowa","1-13(n), 4-10(p)","Łódź","Łódź","łódzkie"
"(adsbygoogle = window.adsbygoogle || []).push({});"
"93-323","Łódź","Górna","Kurczaki","1-25(n)","Łódź","Łódź","łódzkie"
"94-040","Łódź","Polesie","Bratysławska","10-14(p), 13-23(n)","Łódź","Łódź","łódzkie"
"90-546","Łódź","Polesie","Lipowa","86-DK(p), 89-DK(n)","Łódź","Łódź","łódzkie"
"91-358","Łódź","Bałuty","Niezapominajki","","Łódź","Łódź","łódzkie"
"91-487","Łódź","Bałuty","Strumykowa","","Łódź","Łódź","łódzkie"
"91-355","Łódź","Bałuty","Zgierska","180-208(p)","Łódź","Łódź","łódzkie"
"92-614","Łódź","Widzew","Rokicińska","369-433(n)","Łódź","Łódź","łódzkie"
"93-312","Łódź","Górna","Tuszyńska","112-132(p), 147-163(n)","Łódź","Łódź","łódzkie"
"90-741","Łódź","Polesie","1 Maja Al.","30-44(p)","Łódź","Łódź","łódzkie"
"90-056","Łódź","Śródmieście","Roosevelta Franklina Delano (Prezydenta Franklina Delano Roosevelta)","","Łódź","Łódź","łódzkie"
"(adsbygoogle = window.adsbygoogle || []).push({});"
"91-858","Łódź","Bałuty","Bluszczowa","","Łódź","Łódź","łódzkie"
"91-128","Łódź","Bałuty","Rojna","12-18(p)","Łódź","Łódź","łódzkie"
"93-420","Łódź","Górna","Finansowa","12-100(p), 15-107(n)","Łódź","Łódź","łódzkie"
"93-322","Łódź","Górna","Kurczaki","2-36(p), 27-39a(n)","Łódź","Łódź","łódzkie"
"94-035","Łódź","Polesie","Bratysławska","6-8a(p)","Łódź","Łódź","łódzkie"
"94-312","Łódź","Polesie","Lontowa","","Łódź","Łódź","łódzkie"
"91-183","Łódź","Bałuty","Normandzka","","Łódź","Łódź","łódzkie"
"91-725","Łódź","Bałuty","Strykowska","10-22(p), 13-49(n)","Łódź","Łódź","łódzkie"
"91-497","Łódź","Bałuty","Zgierska","201-217(n)","Łódź","Łódź","łódzkie"
"92-707","Łódź","Widzew","Ruciana","","Łódź","Łódź","łódzkie"
"(adsbygoogle = window.adsbygoogle || []).push({});"
"93-011","Łódź","Górna","Tuszyńska","1-29(n), 2-24(p)","Łódź","Łódź","łódzkie"
"90-749","Łódź","Polesie","28 Pułku Strzelców Kaniowskich","1-15(n)","Łódź","Łódź","łódzkie"
"90-423","Łódź","Śródmieście","Rubinsteina Artura Al.","","Łódź","Łódź","łódzkie"
"91-519","Łódź","Bałuty","Bociania","","Łódź","Łódź","łódzkie"
"91-127","Łódź","Bałuty","Rojna","4-10(p)","Łódź","Łódź","łódzkie"
"93-549","Łódź","Górna","Flatta Oskara","","Łódź","Łódź","łódzkie"
"93-435","Łódź","Górna","Kurpińskiego Karola","","Łódź","Łódź","łódzkie"
"94-313","Łódź","Polesie","Brus","","Łódź","Łódź","łódzkie"
"91-083","Łódź","Polesie","Lorentza Zygmunta","","Łódź","Łódź","łódzkie"
"91-716","Łódź","Bałuty","Nowopolska","1-DK(n)","Łódź","Łódź","łódzkie"
"(adsbygoogle = window.adsbygoogle || []).push({});"
"91-531","Łódź","Bałuty","Strykowska","136-DK(p), 167-DK(n)","Łódź","Łódź","łódzkie"
"91-362","Łódź","Bałuty","Zgierska","214-240b(p)","Łódź","Łódź","łódzkie"
"92-319","Łódź","Widzew","Ruska","","Łódź","Łódź","łódzkie"
"93-020","Łódź","Górna","Tuszyńska","26-34(p), 31-45(n)","Łódź","Łódź","łódzkie"
"90-639","Łódź","Polesie","28 Pułku Strzelców Kaniowskich","16-26(p), 17-31(n)","Łódź","Łódź","łódzkie"
"90-128","Łódź","Śródmieście","Sałacińskiego Bronisława Pl.","","Łódź","Łódź","łódzkie"
"91-431","Łódź","Bałuty","Bojowników Getta Warszawskiego","1-DK(n)","Łódź","Łódź","łódzkie"
"91-498","Łódź","Bałuty","Romantyczna Al.","","Łódź","Łódź","łódzkie"
"93-424","Łódź","Górna","Foniczna","","Łódź","Łódź","łódzkie"
"93-447","Łódź","Górna","Kutrowa","","Łódź","Łódź","łódzkie"
"(adsbygoogle = window.adsbygoogle || []).push({});"
"94-020","Łódź","Polesie","Celna","","Łódź","Łódź","łódzkie"
"90-563","Łódź","Polesie","Łąkowa","2-16(p)","Łódź","Łódź","łódzkie"
"91-713","Łódź","Bałuty","Nowopolska","20","Łódź","Łódź","łódzkie"
"91-604","Łódź","Bałuty","Strykowska","38-98(p), 97-115(n)","Łódź","Łódź","łódzkie"
"91-002","Łódź","Bałuty","Zgierska","2-20(p)","Łódź","Łódź","łódzkie"
"92-441","Łódź","Widzew","Rycerski Pl.","","Łódź","Łódź","łódzkie"
"93-026","Łódź","Górna","Tuszyńska","38-54(p), 47-67(n)","Łódź","Łódź","łódzkie"
"90-750","Łódź","Polesie","28 Pułku Strzelców Kaniowskich","2-14(p)","Łódź","Łódź","łódzkie"
"90-231","Łódź","Śródmieście","Sempołowskiej Stefanii","","Łódź","Łódź","łódzkie"
"91-438","Łódź","Bałuty","Bojowników Getta Warszawskiego","2-DK(p)","Łódź","Łódź","łódzkie"
"(adsbygoogle = window.adsbygoogle || []).push({});"
"91-605","Łódź","Bałuty","Rosickiego Andrzeja","","Łódź","Łódź","łódzkie"
"93-425","Łódź","Górna","Foremna","","Łódź","Łódź","łódzkie"
"93-327","Łódź","Górna","Kwartalna","","Łódź","Łódź","łódzkie"
"94-028","Łódź","Polesie","Chodkiewicza Karola","","Łódź","Łódź","łódzkie"
"94-213","Łódź","Polesie","Łubinowa","1-31(n), 2-24(p)","Łódź","Łódź","łódzkie"
"91-712","Łódź","Bałuty","Nowopolska","2-16(p)","Łódź","Łódź","łódzkie"
"91-614","Łódź","Bałuty","Strzeleckiego Pawła Edmunda","","Łódź","Łódź","łódzkie"
"91-059","Łódź","Bałuty","Zgierska","22-52(p)","Łódź","Łódź","łódzkie"
"92-007","Łódź","Widzew","Rysy","","Łódź","Łódź","łódzkie"
"93-305","Łódź","Górna","Tuszyńska","82-110a(p)","Łódź","Łódź","łódzkie"
"(adsbygoogle = window.adsbygoogle || []).push({});"
"90-640","Łódź","Polesie","28 Pułku Strzelców Kaniowskich","28-46(p), 33-57(n)","Łódź","Łódź","łódzkie"
"90-113","Łódź","Śródmieście","Sienkiewicza Henryka","1-14","Łódź","Łódź","łódzkie"
"91-360","Łódź","Bałuty","Boksytowa","","Łódź","Łódź","łódzkie"
"91-051","Łódź","Bałuty","Rybna","2-DK(p)","Łódź","Łódź","łódzkie"
"93-373","Łódź","Górna","Frycza-Modrzewskiego Andrzeja","","Łódź","Łódź","łódzkie"
"93-428","Łódź","Górna","Kwaterunkowa","","Łódź","Łódź","łódzkie"
"94-221","Łódź","Polesie","Cyganka","","Łódź","Łódź","łódzkie"
"94-239","Łódź","Polesie","Łubinowa","26-DK(p), 33-DK(n)","Łódź","Łódź","łódzkie"
"91-225","Łódź","Bałuty","Nowożeńców","","Łódź","Łódź","łódzkie"
"91-513","Łódź","Bałuty","Studencka","","Łódź","Łódź","łódzkie"
"(adsbygoogle = window.adsbygoogle || []).push({});"
"91-495","Łódź","Bałuty","Zgierska","233-DK(n)","Łódź","Łódź","łódzkie"
"92-645","Łódź","Widzew","Rzeźna","","Łódź","Łódź","łódzkie"
"93-240","Łódź","Górna","Ujejskiego Kornela","","Łódź","Łódź","łódzkie"
"90-559","Łódź","Polesie","28 Pułku Strzelców Kaniowskich","48-DK(p)","Łódź","Łódź","łódzkie"
"90-302","Łódź","Śródmieście","Sienkiewicza Henryka","125-157(n)","Łódź","Łódź","łódzkie"
"91-480","Łódź","Bałuty","Botaniczna","","Łódź","Łódź","łódzkie"
"91-503","Łódź","Bałuty","Rysia","","Łódź","Łódź","łódzkie"
"93-259","Łódź","Górna","Gałczyńskiego Konstantego Ildefonsa","","Łódź","Łódź","łódzkie"
"93-345","Łódź","Górna","Kwiecista","","Łódź","Łódź","łódzkie"
"94-117","Łódź","Polesie","Czerwonego Kapturka","","Łódź","Łódź","łódzkie"
"(adsbygoogle = window.adsbygoogle || []).push({});"
"94-287","Łódź","Polesie","Łukawskiego Stanisława","","Łódź","Łódź","łódzkie"
"91-039","Łódź","Bałuty","Obornicka","1-DK(n), 2, 10-DK(p)","Łódź","Łódź","łódzkie"
"91-342","Łódź","Bałuty","Swojska","","Łódź","Łódź","łódzkie"
"91-463","Łódź","Bałuty","Zgierska","63-73(n)","Łódź","Łódź","łódzkie"
"92-008","Łódź","Widzew","Saneczkowa","","Łódź","Łódź","łódzkie"
"93-026","Łódź","Górna","Ukryta","","Łódź","Łódź","łódzkie"
"90-558","Łódź","Polesie","28 Pułku Strzelców Kaniowskich","59-DK(n)","Łódź","Łódź","łódzkie"
"90-114","Łódź","Śródmieście","Sienkiewicza Henryka","15-41(n), 16-36(p)","Łódź","Łódź","łódzkie"
"91-704","Łódź","Bałuty","Boya-Żeleńskiego Tadeusza","10-DK(p)","Łódź","Łódź","łódzkie"
"91-857","Łódź","Bałuty","Rysownicza","36-DK(p), 39-DK(n)","Łódź","Łódź","łódzkie"
"(adsbygoogle = window.adsbygoogle || []).push({});"
"93-633","Łódź","Górna","Gatunkowa","","Łódź","Łódź","łódzkie"
"93-361","Łódź","Górna","Kwietniowa","","Łódź","Łódź","łódzkie"
"94-217","Łódź","Polesie","Czołgistów","1-37(n), 2-50a(p)","Łódź","Łódź","łódzkie"
"90-615","Łódź","Polesie","Mała","","Łódź","Łódź","łódzkie"
"91-812","Łódź","Bałuty","Obrońców Warszawy","11-DK","Łódź","Łódź","łódzkie"
"91-496","Łódź","Bałuty","Syrenki","","Łódź","Łódź","łódzkie"
"91-610","Łódź","Bałuty","Zjazdowa","","Łódź","Łódź","łódzkie"
"92-014","Łódź","Widzew","Sądecka","","Łódź","Łódź","łódzkie"
"93-259","Łódź","Górna","Umińskiego Władysława","","Łódź","Łódź","łódzkie"
"90-623","Łódź","Polesie","6 Sierpnia","22-36(p)","Łódź","Łódź","łódzkie"
"(adsbygoogle = window.adsbygoogle || []).push({});"
"90-058","Łódź","Śródmieście","Sienkiewicza Henryka","52-68(p)","Łódź","Łódź","łódzkie"
"91-703","Łódź","Bałuty","Bracka","27-33(n), 28","Łódź","Łódź","łódzkie"
"91-613","Łódź","Bałuty","Sabały","","Łódź","Łódź","łódzkie"
"93-259","Łódź","Górna","Gersona Wojciecha","","Łódź","Łódź","łódzkie"
"93-469","Łódź","Górna","Latawcowa","","Łódź","Łódź","łódzkie"
"94-246","Łódź","Polesie","Deca Wacława (Profesora Wacława Deca)","","Łódź","Łódź","łódzkie"
"94-007","Łódź","Polesie","Maratońska","70-170(p), 71-205(n)","Łódź","Łódź","łódzkie"
"91-062","Łódź","Bałuty","Ogrodowa","1-14","Łódź","Łódź","łódzkie"
"91-528","Łódź","Bałuty","Szafirowa","","Łódź","Łódź","łódzkie"
"91-358","Łódź","Bałuty","Złocieniowa","","Łódź","Łódź","łódzkie"
"(adsbygoogle = window.adsbygoogle || []).push({});"
"92-005","Łódź","Widzew","Serpentyna","","Łódź","Łódź","łódzkie"
"93-009","Łódź","Górna","Unicka","2-DK(p)","Łódź","Łódź","łódzkie"
"90-617","Łódź","Polesie","6 Sierpnia","35-51(n)","Łódź","Łódź","łódzkie"
"90-318","Łódź","Śródmieście","Sienkiewicza Henryka","70-86(p)","Łódź","Łódź","łódzkie"
"91-709","Łódź","Bałuty","Bracka","35-45(n)","Łódź","Łódź","łódzkie"
"91-468","Łódź","Bałuty","Sadowa","22-DK","Łódź","Łódź","łódzkie"
"93-452","Łódź","Górna","Głębinowa","","Łódź","Łódź","łódzkie"
"93-247","Łódź","Górna","Leśmiana Bolesława","","Łódź","Łódź","łódzkie"
"93-469","Łódź","Polesie","Dedala","","Łódź","Łódź","łódzkie"
"94-258","Łódź","Polesie","Markietanki","","Łódź","Łódź","łódzkie"
"(adsbygoogle = window.adsbygoogle || []).push({});"
"91-852","Łódź","Bałuty","Okopowa","30-40a(p)","Łódź","Łódź","łódzkie"
"91-037","Łódź","Bałuty","Szamotulska","","Łódź","Łódź","łódzkie"
"91-836","Łódź","Bałuty","Złotnicza","2-DK(p)","Łódź","Łódź","łódzkie"
"92-231","Łódź","Widzew","Sępia","","Łódź","Łódź","łódzkie"
"93-472","Łódź","Górna","Uroczysko","","Łódź","Łódź","łódzkie"
"90-636","Łódź","Polesie","6 Sierpnia","53-61(n)","Łódź","Łódź","łódzkie"
"90-301","Łódź","Śródmieście","Sienkiewicza Henryka","97-123(n)","Łódź","Łódź","łódzkie"
"91-232","Łódź","Bałuty","Bruzdowa","","Łódź","Łódź","łódzkie"
"91-177","Łódź","Bałuty","Safrina Horacego","","Łódź","Łódź","łódzkie"
"93-249","Łódź","Górna","Gojawiczyńskiej Poli","1-14","Łódź","Łódź","łódzkie"
"(adsbygoogle = window.adsbygoogle || []).push({});"
"93-441","Łódź","Górna","Leśna","","Łódź","Łódź","łódzkie"
"91-079","Łódź","Polesie","Długosza Jana","11-19(n), 16-24(p)","Łódź","Łódź","łódzkie"
"94-217","Łódź","Polesie","Michałowicza Jerzego","1-DK(n)","Łódź","Łódź","łódzkie"
"91-604","Łódź","Bałuty","Okólna","1-27(n), 2-30(p)","Łódź","Łódź","łódzkie"
"91-222","Łódź","Bałuty","Szczecińska","6-118(p), 13-139(n)","Łódź","Łódź","łódzkie"
"91-838","Łódź","Bałuty","Zofii","","Łódź","Łódź","łódzkie"
"92-605","Łódź","Widzew","Sielanki","","Łódź","Łódź","łódzkie"
"93-341","Łódź","Górna","Ustronna","50-DK","Łódź","Łódź","łódzkie"
"90-606","Łódź","Polesie","6 Sierpnia","9-13(n)","Łódź","Łódź","łódzkie"
"90-532","Łódź","Śródmieście","Skorupki Ignacego (Księdza Harcmistrza Ignacego Skorupki)","12-DK(p), 15-DK(n)","Łódź","Łódź","łódzkie"
"(adsbygoogle = window.adsbygoogle || []).push({});"
"91-739","Łódź","Bałuty","Brzeska","","Łódź","Łódź","łódzkie"
"91-225","Łódź","Bałuty","Selerowa","","Łódź","Łódź","łódzkie"
"93-253","Łódź","Górna","Gojawiczyńskiej Poli","15-17a(n), 19-DK","Łódź","Łódź","łódzkie"
"93-430","Łódź","Górna","Leżakowa","","Łódź","Łódź","łódzkie"
"91-083","Łódź","Polesie","Długosza Jana","21-25(n), 26-34(p)","Łódź","Łódź","łódzkie"
"94-306","Łódź","Polesie","Michałowicza Jerzego","2-DK(p)","Łódź","Łódź","łódzkie"
"91-227","Łódź","Bałuty","Okręglik","","Łódź","Łódź","łódzkie"
"91-818","Łódź","Bałuty","""Szendzielarza Łupaszki Zygmunta (Majora Zygmunta Szendzielarza """"Łupaszki"""")""","","Łódź","Łódź","łódzkie"
"91-457","Łódź","Bałuty","Żabia","","Łódź","Łódź","łódzkie"
"92-007","Łódź","Widzew","Skalna","41-DK(n), 44-DK(p)","Łódź","Łódź","łódzkie"
"(adsbygoogle = window.adsbygoogle || []).push({});"
"93-435","Łódź","Górna","Wazów","","Łódź","Łódź","łódzkie"
"94-118","Łódź","Polesie","Andersena Christiana","","Łódź","Łódź","łódzkie"
"90-161","Łódź","Śródmieście","Solskiego Ludwika","","Łódź","Łódź","łódzkie"
"91-315","Łódź","Bałuty","Brzóski Stanisława (Księdza Stanisława Brzóski)","3-25(n), 12-15a","Łódź","Łódź","łódzkie"
"91-520","Łódź","Bałuty","Serwituty","","Łódź","Łódź","łódzkie"
"93-405","Łódź","Górna","Gombrowicza Witolda","","Łódź","Łódź","łódzkie"
"93-333","Łódź","Górna","Lotna","","Łódź","Łódź","łódzkie"
"91-088","Łódź","Polesie","Długosza Jana","27-DK(n), 36-DK(p)","Łódź","Łódź","łódzkie"
"94-304","Łódź","Polesie","Minerska","","Łódź","Łódź","łódzkie"
"91-611","Łódź","Bałuty","Okrętowa","","Łódź","Łódź","łódzkie"
"(adsbygoogle = window.adsbygoogle || []).push({});"
"91-450","Łódź","Bałuty","Szeroka","","Łódź","Łódź","łódzkie"
"91-202","Łódź","Bałuty","Żabieniec","1-61(n), 2-54(p)","Łódź","Łódź","łódzkie"
"92-611","Łódź","Widzew","Słonimskiego Antoniego","","Łódź","Łódź","łódzkie"
"93-361","Łódź","Górna","Wczesna","","Łódź","Łódź","łódzkie"
"94-130","Łódź","Polesie","""Armii """"Łódź""""""","","Łódź","Łódź","łódzkie"
"90-217","Łódź","Śródmieście","Sterlinga Seweryna (Doktora Seweryna Sterlinga)","10-22(p), 11-19(n)","Łódź","Łódź","łódzkie"
"91-347","Łódź","Bałuty","Brzóski Stanisława (Księdza Stanisława Brzóski)","77-DK(n), 92-DK(p)","Łódź","Łódź","łódzkie"
"91-304","Łódź","Bałuty","Sędziowska","2-DK(p)","Łódź","Łódź","łódzkie"
"93-453","Łódź","Górna","Goplany","","Łódź","Łódź","łódzkie"
"93-469","Łódź","Górna","Lublinek","","Łódź","Łódź","łódzkie"
"(adsbygoogle = window.adsbygoogle || []).push({});"
"91-085","Łódź","Polesie","Drewnowska","162-182(p), 173-DK(n)","Łódź","Łódź","łódzkie"
"94-226","Łódź","Polesie","Mocarna","","Łódź","Łódź","łódzkie"
"91-481","Łódź","Bałuty","Olszowa","","Łódź","Łódź","łódzkie"
"91-844","Łódź","Bałuty","Szklana","","Łódź","Łódź","łódzkie"
"91-321","Łódź","Bałuty","Żeglarska","","Łódź","Łódź","łódzkie"
"92-305","Łódź","Widzew","Służbowa","","Łódź","Łódź","łódzkie"
"93-228","Łódź","Górna","Wedmanowej Marii","","Łódź","Łódź","łódzkie"
"91-072","Łódź","Polesie","Artyleryjska","","Łódź","Łódź","łódzkie"
"90-212","Łódź","Śródmieście","Sterlinga Seweryna (Doktora Seweryna Sterlinga)","21-33(n), 26-27","Łódź","Łódź","łódzkie"
"91-610","Łódź","Bałuty","Budy","","Łódź","Łódź","łódzkie"
"(adsbygoogle = window.adsbygoogle || []).push({});"
"91-228","Łódź","Bałuty","Sianokosy","","Łódź","Łódź","łódzkie"
"93-335","Łódź","Górna","Gospodarcza","","Łódź","Łódź","łódzkie"
"93-423","Łódź","Górna","Lubuska","","Łódź","Łódź","łódzkie"
"94-226","Łódź","Polesie","Drużynowa","","Łódź","Łódź","łódzkie"
"91-073","Łódź","Polesie","Naftowa","","Łódź","Łódź","łódzkie"
"91-327","Łódź","Bałuty","Olsztyńska","4-22(p), 11-25(n)","Łódź","Łódź","łódzkie"
"91-851","Łódź","Bałuty","Szklarska","","Łódź","Łódź","łódzkie"
"91-858","Łódź","Bałuty","Żołędziowa","","Łódź","Łódź","łódzkie"
"92-448","Łódź","Widzew","Sobieskiego Jana III","","Łódź","Łódź","łódzkie"
"93-435","Łódź","Górna","Wejherowska","","Łódź","Łódź","łódzkie"
"(adsbygoogle = window.adsbygoogle || []).push({});"
"94-056","Łódź","Polesie","Babickiego Józefa","","Łódź","Łódź","łódzkie"
"90-513","Łódź","Śródmieście","Struga Andrzeja","12-28(p)","Łódź","Łódź","łódzkie"
"91-036","Łódź","Bałuty","Bydgoska","","Łódź","Łódź","łódzkie"
"91-316","Łódź","Bałuty","Sierakowskiego Zygmunta","20-42(p), 25-35(n)","Łódź","Łódź","łódzkie"
"93-356","Łódź","Górna","Gościnna","","Łódź","Łódź","łódzkie"
"93-361","Łódź","Górna","Luźna","","Łódź","Łódź","łódzkie"
"94-237","Łódź","Polesie","Dywizjonu 303","","Łódź","Łódź","łódzkie"
"94-102","Łódź","Polesie","Nowe Sady","","Łódź","Łódź","łódzkie"
"91-360","Łódź","Bałuty","Onyksowa","","Łódź","Łódź","łódzkie"
"91-503","Łódź","Bałuty","Szpacza","","Łódź","Łódź","łódzkie"
"(adsbygoogle = window.adsbygoogle || []).push({});"
"91-520","Łódź","Bałuty","Żółwiowa","","Łódź","Łódź","łódzkie"
"92-742","Łódź","Widzew","Sołecka","","Łódź","Łódź","łódzkie"
"93-458","Łódź","Górna","Wędkarska","","Łódź","Łódź","łódzkie"
"94-108","Łódź","Polesie","Balonowa","","Łódź","Łódź","łódzkie"
"90-420","Łódź","Śródmieście","Struga Andrzeja","1-7(n)","Łódź","Łódź","łódzkie"
"91-156","Łódź","Bałuty","Bylinowa","","Łódź","Łódź","łódzkie"
"91-324","Łódź","Bałuty","Sierakowskiego Zygmunta","63-81(n), 70-86(p)","Łódź","Łódź","łódzkie"
"93-428","Łódź","Górna","Graniczna","","Łódź","Łódź","łódzkie"
"93-370","Łódź","Górna","Łagodna","","Łódź","Łódź","łódzkie"
"94-042","Łódź","Polesie","Florecistów","","Łódź","Łódź","łódzkie"
"(adsbygoogle = window.adsbygoogle || []).push({});"
"94-406","Łódź","Polesie","Nowy Józefów","","Łódź","Łódź","łódzkie"
"91-825","Łódź","Bałuty","""Organizacji """"Wolność i Niezawisłość""""""","1-28","Łódź","Łódź","łódzkie"
"91-211","Łódź","Bałuty","Szparagowa","","Łódź","Łódź","łódzkie"
"91-022","Łódź","Bałuty","Żubardzka","1-9(n)","Łódź","Łódź","łódzkie"
"92-116","Łódź","Widzew","Spartakusa","2-DK","Łódź","Łódź","łódzkie"
"93-372","Łódź","Górna","Widna","","Łódź","Łódź","łódzkie"
"94-215","Łódź","Polesie","Barska","","Łódź","Łódź","łódzkie"
"91-403","Łódź","Śródmieście","Tamka","","Łódź","Łódź","łódzkie"
"91-527","Łódź","Bałuty","Bzury","","Łódź","Łódź","łódzkie"
"91-347","Łódź","Bałuty","Sierakowskiego Zygmunta","88-102a(p), 97","Łódź","Łódź","łódzkie"
"(adsbygoogle = window.adsbygoogle || []).push({});"
"93-521","Łódź","Górna","Granitowa","","Łódź","Łódź","łódzkie"
"93-310","Łódź","Górna","Łazowskiego Klaudiusza","1-28","Łódź","Łódź","łódzkie"
"91-010","Łódź","Polesie","Floriańska","","Łódź","Łódź","łódzkie"
"94-231","Łódź","Polesie","Obozowa","","Łódź","Łódź","łódzkie"
"91-524","Łódź","Bałuty","Orzelskiej Justyny","","Łódź","Łódź","łódzkie"
"91-185","Łódź","Bałuty","Szuberta Wacława (Profesora Wacława Szuberta)","","Łódź","Łódź","łódzkie"
"91-032","Łódź","Bałuty","Żubardzka","2-DK(p), 11-DK(n)","Łódź","Łódź","łódzkie"
"93-221","Łódź","Widzew","Standego Stanisława","","Łódź","Łódź","łódzkie"
"93-564","Łódź","Górna","Wieniawskiego Henryka","","Łódź","Łódź","łódzkie"
"94-274","Łódź","Polesie","Bastionowa","","Łódź","Łódź","łódzkie"
"(adsbygoogle = window.adsbygoogle || []).push({});"
"90-022","Łódź","Śródmieście","Targowa","1-5(n), 2-10(p)","Łódź","Łódź","łódzkie"
"91-164","Łódź","Bałuty","Cebertowicza Romualda (Profesora Romualda Cebertowicza)","","Łódź","Łódź","łódzkie"
"91-202","Łódź","Bałuty","Sierpowa","","Łódź","Łódź","łódzkie"
"93-469","Łódź","Górna","Gwarków","","Łódź","Łódź","łódzkie"
"93-379","Łódź","Górna","Łazowskiego Klaudiusza","30-DK(p), 31-55(n)","Łódź","Łódź","łódzkie"
"94-224","Łódź","Polesie","Garnizonowa","","Łódź","Łódź","łódzkie"
"94-104","Łódź","Polesie","Obywatelska","90-162(p), 99-191(n)","Łódź","Łódź","łódzkie"
"91-479","Łódź","Bałuty","Orzeszkowej Elizy","12-DK(p), 19-DK(n)","Łódź","Łódź","łódzkie"
"91-357","Łódź","Bałuty","Szwajcera Abrahama","","Łódź","Łódź","łódzkie"
"91-178","Łódź","Bałuty","Żuławskiego Wawrzyńca","","Łódź","Łódź","łódzkie"
"(adsbygoogle = window.adsbygoogle || []).push({});"
"92-104","Łódź","Widzew","Stokowska","","Łódź","Łódź","łódzkie"
"93-535","Łódź","Górna","Wiosenna","","Łódź","Łódź","łódzkie"
"94-257","Łódź","Polesie","Basztowa","","Łódź","Łódź","łódzkie"
"90-323","Łódź","Śródmieście","Targowa","47-63(n)","Łódź","Łódź","łódzkie"
"91-488","Łódź","Bałuty","Cedrowa","","Łódź","Łódź","łódzkie"
"91-225","Łódź","Bałuty","Skibowa","","Łódź","Łódź","łódzkie"
"93-474","Łódź","Górna","Holownicza","","Łódź","Łódź","łódzkie"
"93-476","Łódź","Górna","Łopianowa","","Łódź","Łódź","łódzkie"
"91-076","Łódź","Polesie","Gazowa","","Łódź","Łódź","łódzkie"
"94-292","Łódź","Polesie","Odważna","","Łódź","Łódź","łódzkie"
"(adsbygoogle = window.adsbygoogle || []).push({});"
"91-052","Łódź","Bałuty","Osiedlowa","","Łódź","Łódź","łódzkie"
"91-487","Łódź","Bałuty","Świerkowa","","Łódź","Łódź","łódzkie"
"91-455","Łódź","Bałuty","Żurawia","1-7/9(n)","Łódź","Łódź","łódzkie"
"93-218","Łódź","Widzew","Strzemińskiego Władysława","","Łódź","Łódź","łódzkie"
"93-228","Łódź","Górna","Wiośniana","","Łódź","Łódź","łódzkie"
"94-248","Łódź","Polesie","Bobowa","","Łódź","Łódź","łódzkie"
"90-102","Łódź","Śródmieście","Traugutta Romualda (Generała Romualda Traugutta)","1","Łódź","Łódź","łódzkie"
"91-129","Łódź","Bałuty","Cedry Krzysztofa","","Łódź","Łódź","łódzkie"
"91-503","Łódź","Bałuty","Skrzydlata","","Łódź","Łódź","łódzkie"
"93-330","Łódź","Górna","Ideowa","","Łódź","Łódź","łódzkie"
"(adsbygoogle = window.adsbygoogle || []).push({});"
"93-410","Łódź","Górna","Łukowa","","Łódź","Łódź","łódzkie"
"90-520","Łódź","Polesie","Gdańska","116-134(p)","Łódź","Łódź","łódzkie"
"91-009","Łódź","Polesie","Okrzei Stefana","26-DK(p), 31-DK(n)","Łódź","Łódź","łódzkie"
"91-348","Łódź","Bałuty","Osinowa","","Łódź","Łódź","łódzkie"
"91-490","Łódź","Bałuty","Świetlana","","Łódź","Łódź","łódzkie"
"91-463","Łódź","Bałuty","Żurawia","2-DK(p)","Łódź","Łódź","łódzkie"
"92-208","Łódź","Widzew","Stylonowa","","Łódź","Łódź","łódzkie"
"93-436","Łódź","Górna","Wirowa","","Łódź","Łódź","łódzkie"
"94-333","Łódź","Polesie","Bohaterów Powstania Styczniowego","","Łódź","Łódź","łódzkie"
"90-113","Łódź","Śródmieście","Traugutta Romualda (Generała Romualda Traugutta)","15-DK","Łódź","Łódź","łódzkie"
"(adsbygoogle = window.adsbygoogle || []).push({});"
"91-449","Łódź","Bałuty","Ceglana","","Łódź","Łódź","łódzkie"
"91-819","Łódź","Bałuty","Skury-Skoczyńskiego 'Robotnika' Bronisława (Porucznika Bronisława Skury-Skoczyńskiego 'Robotnika')","","Łódź","Łódź","łódzkie"
"93-469","Łódź","Górna","Ikara","","Łódź","Łódź","łódzkie"
"93-452","Łódź","Górna","Łużycka","","Łódź","Łódź","łódzkie"
"90-519","Łódź","Polesie","Gdańska","119-133(n)","Łódź","Łódź","łódzkie"
"94-043","Łódź","Polesie","Olimpijska","","Łódź","Łódź","łódzkie"
"91-725","Łódź","Bałuty","Oświatowa","","Łódź","Łódź","łódzkie"
"91-222","Łódź","Bałuty","Świętej Teresy od Dzieciątka Jezus","101-111(n), 122-180(p)","Łódź","Łódź","łódzkie"
"91-364","Łódź","Bałuty","Żywokostowa","","Łódź","Łódź","łódzkie"
"92-331","Łódź","Widzew","Sucha","","Łódź","Łódź","łódzkie"
"(adsbygoogle = window.adsbygoogle || []).push({});"
"93-641","Łódź","Górna","Wiskicka","54-DK(p), 57-DK(n)","Łódź","Łódź","łódzkie"
"94-129","Łódź","Polesie","Bokserska","","Łódź","Łódź","łódzkie"
"90-010","Łódź","Śródmieście","Tuwima Juliana","1-17(n)","Łódź","Łódź","łódzkie"
"91-859","Łódź","Bałuty","Cementowa","","Łódź","Łódź","łódzkie"
"91-156","Łódź","Bałuty","Słodowa","","Łódź","Łódź","łódzkie"
"93-327","Łódź","Górna","Ireny","1-62","Łódź","Łódź","łódzkie"
"93-324","Łódź","Górna","Maciejowicka","","Łódź","Łódź","łódzkie"
"90-707","Łódź","Polesie","Gdańska","12-24(p)","Łódź","Łódź","łódzkie"
"94-251","Łódź","Polesie","Omłotowa","","Łódź","Łódź","łódzkie"
"91-475","Łódź","Bałuty","Owocowa","","Łódź","Łódź","łódzkie"
"(adsbygoogle = window.adsbygoogle || []).push({});"
"91-348","Łódź","Bałuty","Świętej Teresy od Dzieciątka Jezus","1-53(n), 6-72(p)","Łódź","Łódź","łódzkie"
"91-231","Łódź","Bałuty","Żyzna","","Łódź","Łódź","łódzkie"
"92-228","Łódź","Widzew","Surowcowa","","Łódź","Łódź","łódzkie"
"93-645","Łódź","Górna","""Wiśniowieckiego Jaremy Jeremiego (Księcia Jeremiego Wiśniowieckiego """"Jaremy"""")""","","Łódź","Łódź","łódzkie"
"94-032","Łódź","Polesie","Bratysławska","1-7(n), 2-4(p)","Łódź","Łódź","łódzkie"
"90-015","Łódź","Śródmieście","Tuwima Juliana","19-25(n)","Łódź","Łódź","łódzkie"
"91-502","Łódź","Bałuty","Centralna","1-DK(n), 2-24(p)","Łódź","Łódź","łódzkie"
"91-491","Łódź","Bałuty","Słoneczna","","Łódź","Łódź","łódzkie"
"93-244","Łódź","Górna","Ireny","63-DK","Łódź","Łódź","łódzkie"
"93-482","Łódź","Górna","Magnesowa","","Łódź","Łódź","łódzkie"
"(adsbygoogle = window.adsbygoogle || []).push({});"
"90-715","Łódź","Polesie","Gdańska","27-39(n)","Łódź","Łódź","łódzkie"
"94-205","Łódź","Polesie","Orzechowa","","Łódź","Łódź","łódzkie"
"91-219","Łódź","Bałuty","Pabianka","","Łódź","Łódź","łódzkie"
"91-341","Łódź","Bałuty","Świętej Teresy od Dzieciątka Jezus","91-91c, 94-120(p)","Łódź","Łódź","łódzkie"
"93-408","Łódź","Górna","3 Maja","","Łódź","Łódź","łódzkie"
"92-613","Łódź","Widzew","Szancera Jana Marcina","","Łódź","Łódź","łódzkie"
"93-522","Łódź","Górna","Wiwulskiego Antoniego","17-DK(n), 22-DK(p)","Łódź","Łódź","łódzkie"
"94-112","Łódź","Polesie","Bratysławska","47-65(n), 52-58(p)","Łódź","Łódź","łódzkie"
"90-003","Łódź","Śródmieście","Tuwima Juliana","2-18(p)","Łódź","Łódź","łódzkie"
"91-202","Łódź","Bałuty","Cepowa","","Łódź","Łódź","łódzkie"
"(adsbygoogle = window.adsbygoogle || []).push({});"
"91-103","Łódź","Bałuty","Słońskiego Edwarda","","Łódź","Łódź","łódzkie"
"93-177","Łódź","Górna","Jachowicza Stanisława","","Łódź","Łódź","łódzkie"
"93-648","Łódź","Górna","Mahoniowa","","Łódź","Łódź","łódzkie"
"90-730","Łódź","Polesie","Gdańska","36-48(p)","Łódź","Łódź","łódzkie"
"94-123","Łódź","Polesie","Oszczepowa","","Łódź","Łódź","łódzkie"
"91-439","Łódź","Bałuty","Pacanowskiej Zuli","1-DK(n)","Łódź","Łódź","łódzkie"
"91-496","Łódź","Bałuty","Świtezianki","","Łódź","Łódź","łódzkie"
"93-485","Łódź","Górna","Akademii Zamojskiej","","Łódź","Łódź","łódzkie"
"92-605","Łódź","Widzew","Szarady","","Łódź","Łódź","łódzkie"
"93-427","Łódź","Górna","Władysława Jagiełły","","Łódź","Łódź","łódzkie"
"(adsbygoogle = window.adsbygoogle || []).push({});"
"94-212","Łódź","Polesie","Bronowa","","Łódź","Łódź","łódzkie"
"90-025","Łódź","Śródmieście","Tuwima Juliana","37-57(n)","Łódź","Łódź","łódzkie"
"91-470","Łódź","Bałuty","Chopina Fryderyka","51-DK","Łódź","Łódź","łódzkie"
"91-357","Łódź","Bałuty","Smolika Przecława","","Łódź","Łódź","łódzkie"
"93-563","Łódź","Górna","Janiny","1-35(n), 2-18(p)","Łódź","Łódź","łódzkie"
"93-154","Łódź","Górna","Malczewskiego Jacka","","Łódź","Łódź","łódzkie"
"90-601","Łódź","Polesie","Gdańska","50","Łódź","Łódź","łódzkie"
"94-249","Łódź","Polesie","Owsiana","","Łódź","Łódź","łódzkie"
"90-642","Łódź","Polesie","Włókniarzy Al.","219-221(n)","Łódź","Łódź","łódzkie"
"91-156","Łódź","Bałuty","Tatarczana","","Łódź","Łódź","łódzkie"
"(adsbygoogle = window.adsbygoogle || []).push({});"
"93-641","Łódź","Górna","Alabastrowa","","Łódź","Łódź","łódzkie"
"92-114","Łódź","Widzew","Szczytowa","","Łódź","Łódź","łódzkie"
"93-411","Łódź","Górna","Wolska","","Łódź","Łódź","łódzkie"
"94-223","Łódź","Polesie","Bruska","","Łódź","Łódź","łódzkie"
"90-026","Łódź","Śródmieście","Tuwima Juliana","60-86(p)","Łódź","Łódź","łódzkie"
"92-111","Łódź","Widzew","Brzezińska","43-101(n), 50-86(p)","Łódź","Łódź","łódzkie"
"91-718","Łódź","Bałuty","Chryzantem Al.","","Łódź","Łódź","łódzkie"
"91-729","Łódź","Bałuty","Smutna","","Łódź","Łódź","łódzkie"
"93-554","Łódź","Górna","Janiny","20-DK(p), 37-DK(n)","Łódź","Łódź","łódzkie"
"93-633","Łódź","Górna","Małego Rycerza","","Łódź","Łódź","łódzkie"
"(adsbygoogle = window.adsbygoogle || []).push({});"
"90-508","Łódź","Polesie","Gdańska","90-104(p)","Łódź","Łódź","łódzkie"
"93-570","Łódź","Polesie","Parkowa","","Łódź","Łódź","łódzkie"
"90-556","Łódź","Polesie","Włókniarzy Al.","222-240a(p)","Łódź","Łódź","łódzkie"
"91-498","Łódź","Bałuty","Telimeny","","Łódź","Łódź","łódzkie"
"93-418","Łódź","Górna","Aleksandra","","Łódź","Łódź","łódzkie"
"92-626","Łódź","Widzew","Szeherezady","","Łódź","Łódź","łódzkie"
"93-578","Łódź","Górna","Wróblewskiego Walerego","10-16/18(p), 19","Łódź","Łódź","łódzkie"
"94-109","Łódź","Polesie","Burzliwa","","Łódź","Łódź","łódzkie"
"90-364","Łódź","Śródmieście","Tylna","1-4","Łódź","Łódź","łódzkie"
"92-118","Łódź","Widzew","Brzezińska","88-154(p), 103-131(n)","Łódź","Łódź","łódzkie"
"(adsbygoogle = window.adsbygoogle || []).push({});"
"91-189","Łódź","Bałuty","Ciechowskiego Grzegorza","","Łódź","Łódź","łódzkie"
"91-302","Łódź","Bałuty","Snycerska","","Łódź","Łódź","łódzkie"
"93-524","Łódź","Górna","Jarosławska","","Łódź","Łódź","łódzkie"
"93-404","Łódź","Górna","Marii","","Łódź","Łódź","łódzkie"
"90-507","Łódź","Polesie","Gdańska","97-111(n)","Łódź","Łódź","łódzkie"
"94-272","Łódź","Polesie","Patrolowa","","Łódź","Łódź","łódzkie"
"90-731","Łódź","Polesie","Wólczańska","11-23(n)","Łódź","Łódź","łódzkie"
"91-203","Łódź","Bałuty","Teofilowska","","Łódź","Łódź","łódzkie"
"93-420","Łódź","Górna","Amatorska","","Łódź","Łódź","łódzkie"
"92-629","Łódź","Widzew","Szelburg-Zarembiny Ewy","","Łódź","Łódź","łódzkie"
"(adsbygoogle = window.adsbygoogle || []).push({});"
"93-590","Łódź","Górna","Wróblewskiego Walerego","15","Łódź","Łódź","łódzkie"
"94-263","Łódź","Polesie","Celownicza","","Łódź","Łódź","łódzkie"
"90-348","Łódź","Śródmieście","Tylna","5-7(n)","Łódź","Łódź","łódzkie"
"92-770","Łódź","Widzew","Byszewska","","Łódź","Łódź","łódzkie"
"91-050","Łódź","Bałuty","Ciemna","","Łódź","Łódź","łódzkie"
"91-498","Łódź","Bałuty","Sobótki","","Łódź","Łódź","łódzkie"
"93-559","Łódź","Górna","Jasień","1-28","Łódź","Łódź","łódzkie"
"93-450","Łódź","Górna","Masztowa","","Łódź","Łódź","łódzkie"
"94-128","Łódź","Polesie","Gimnastyczna","","Łódź","Łódź","łódzkie"
"94-203","Łódź","Polesie","Perla Feliksa","11","Łódź","Łódź","łódzkie"
"(adsbygoogle = window.adsbygoogle || []).push({});"
"90-525","Łódź","Polesie","Wólczańska","133-163(n)","Łódź","Łódź","łódzkie"
"91-601","Łódź","Bałuty","Tlenowa","1-13(n), 2-16(p)","Łódź","Łódź","łódzkie"
"93-304","Łódź","Górna","Antenowa","1-33(n), 2-42(p)","Łódź","Łódź","łódzkie"
"92-320","Łódź","Widzew","Szpitalna","14-DK(p)","Łódź","Łódź","łódzkie"
"93-566","Łódź","Górna","Wróblewskiego Walerego","23-31(n), 52-76(p)","Łódź","Łódź","łódzkie"
"94-307","Łódź","Polesie","Chłopickiego Józefa (Generała Józefa Chłopickiego)","","Łódź","Łódź","łódzkie"
"90-350","Łódź","Śródmieście","Tymienieckiego Wincentego (Księdza Biskupa Wincentego Tymienieckiego)","23, 30a","Łódź","Łódź","łódzkie"
"93-119","Łódź","Widzew","Chełmska","","Łódź","Łódź","łódzkie"
"91-308","Łódź","Bałuty","Ciesielska","","Łódź","Łódź","łódzkie"
"91-812","Łódź","Bałuty","""Sojczyńskiego Warszyca Stanisława (Kapitana Stanisława Sojczyńskiego """"Warszyca"""")""","1-DK(n)","Łódź","Łódź","łódzkie"
"(adsbygoogle = window.adsbygoogle || []).push({});"
"93-463","Łódź","Górna","Jastarnia","","Łódź","Łódź","łódzkie"
"93-337","Łódź","Górna","Matek Polskich Al.","","Łódź","Łódź","łódzkie"
"94-248","Łódź","Polesie","Grochowa","","Łódź","Łódź","łódzkie"
"94-109","Łódź","Polesie","Pienista","","Łódź","Łódź","łódzkie"
"90-530","Łódź","Polesie","Wólczańska","165-189(n)","Łódź","Łódź","łódzkie"
"91-504","Łódź","Bałuty","Tlenowa","15-DK(n), 18-DK(p)","Łódź","Łódź","łódzkie"
"93-347","Łódź","Górna","Bajeczna","","Łódź","Łódź","łódzkie"
"92-235","Łódź","Widzew","Szpitalna","8-12(p)","Łódź","Łódź","łódzkie"
"93-643","Łódź","Górna","Wrzecionowa","","Łódź","Łódź","łódzkie"
"94-241","Łódź","Polesie","Cieplarniana","","Łódź","Łódź","łódzkie"
"(adsbygoogle = window.adsbygoogle || []).push({});"
"90-243","Łódź","Śródmieście","Uniwersytecka","9-17(n), 12-34(p)","Łódź","Łódź","łódzkie"
"92-018","Łódź","Widzew","Chmurna","","Łódź","Łódź","łódzkie"
"91-473","Łódź","Bałuty","Cisowa","","Łódź","Łódź","łódzkie"
"91-806","Łódź","Bałuty","""Sojczyńskiego Warszyca Stanisława (Kapitana Stanisława Sojczyńskiego """"Warszyca"""")""","2-DK(p)","Łódź","Łódź","łódzkie"
"93-460","Łódź","Górna","Jesiotrowa","","Łódź","Łódź","łódzkie"
"93-324","Łódź","Górna","Michała","","Łódź","Łódź","łódzkie"
"94-267","Łódź","Polesie","Grodowa","","Łódź","Łódź","łódzkie"
"91-009","Łódź","Polesie","Pietrusińskiego Jana","15-51(n), 18-52(p)","Łódź","Łódź","łódzkie"
"93-005","Łódź","Polesie","Wólczańska","211-227(n)","Łódź","Łódź","łódzkie"
"91-360","Łódź","Bałuty","Topazowa","","Łódź","Łódź","łódzkie"
"(adsbygoogle = window.adsbygoogle || []).push({});"
"93-204","Łódź","Górna","Bałuckiego Michała","1-DK(n), 14-DK(p)","Łódź","Łódź","łódzkie"
"92-408","Łódź","Widzew","Szwalma Bronisława","","Łódź","Łódź","łódzkie"
"93-449","Łódź","Górna","Wyspowa","","Łódź","Łódź","łódzkie"
"91-088","Łódź","Polesie","Ciepła","","Łódź","Łódź","łódzkie"
"90-126","Łódź","Śródmieście","Węglowa","","Łódź","Łódź","łódzkie"
"92-447","Łódź","Widzew","Cynarskiego Mariana","","Łódź","Łódź","łódzkie"
"91-866","Łódź","Bałuty","Cytrynowa","","Łódź","Łódź","łódzkie"
"91-512","Łódź","Bałuty","Sójki","","Łódź","Łódź","łódzkie"
"93-636","Łódź","Górna","Jeża Teodora Tomasza","","Łódź","Łódź","łódzkie"
"93-424","Łódź","Górna","Miejska","","Łódź","Łódź","łódzkie"
"(adsbygoogle = window.adsbygoogle || []).push({});"
"94-286","Łódź","Polesie","Grotta Józefa Wacława (Profesora Józefa Wacława Grotta)","","Łódź","Łódź","łódzkie"
"91-074","Łódź","Polesie","Pietrusińskiego Jana","2-16(p)","Łódź","Łódź","łódzkie"
"90-608","Łódź","Polesie","Wólczańska","39-69(n)","Łódź","Łódź","łódzkie"
"91-116","Łódź","Bałuty","Traktorowa","1-31(n)","Łódź","Łódź","łódzkie"
"93-273","Łódź","Górna","Bałuckiego Michała","2-12(p)","Łódź","Łódź","łódzkie"
"93-114","Łódź","Widzew","Śmigłego-Rydza Edwarda Al. (Marszałka Edwarda Śmigłego-Rydza)","19","Łódź","Łódź","łódzkie"
"93-446","Łódź","Górna","Wyścigowa","","Łódź","Łódź","łódzkie"
"91-068","Łódź","Polesie","Cmentarna","","Łódź","Łódź","łódzkie"
"90-227","Łódź","Śródmieście","Wierzbowa","10-16c(p), 17-29(n)","Łódź","Łódź","łódzkie"
"92-650","Łódź","Widzew","Czajewskiego Wiktora","15-37(n)","Łódź","Łódź","łódzkie"
"(adsbygoogle = window.adsbygoogle || []).push({});"
"91-511","Łódź","Bałuty","Czapli","","Łódź","Łódź","łódzkie"
"91-838","Łódź","Bałuty","Spacerowa","1-8","Łódź","Łódź","łódzkie"
"93-338","Łódź","Górna","Józefowska","","Łódź","Łódź","łódzkie"
"93-491","Łódź","Górna","Mielizny","","Łódź","Łódź","łódzkie"
"94-243","Łódź","Polesie","Gryczana","","Łódź","Łódź","łódzkie"
"94-224","Łódź","Polesie","Pionierska","4-6(p)","Łódź","Łódź","łódzkie"
"93-578","Łódź","Polesie","Wróblewskiego Walerego","1-9, 10-50(p), 17-21(n)","Łódź","Łódź","łódzkie"
"91-129","Łódź","Bałuty","Traktorowa","2-78(p)","Łódź","Łódź","łódzkie"
"93-487","Łódź","Górna","Beczkowa","","Łódź","Łódź","łódzkie"
"92-743","Łódź","Widzew","Taborowa","190, 197-199(n)","Łódź","Łódź","łódzkie"
"(adsbygoogle = window.adsbygoogle || []).push({});"
"93-349","Łódź","Górna","Zagadkowa","","Łódź","Łódź","łódzkie"
"94-132","Łódź","Polesie","Cylla Wawrzyńca","","Łódź","Łódź","łódzkie"
"90-245","Łódź","Śródmieście","Wierzbowa","18-38(p), 31-43(n)","Łódź","Łódź","łódzkie"
"92-544","Łódź","Widzew","Czernika Stanisława","12-18(p)","Łódź","Łódź","łódzkie"
"91-829","Łódź","Bałuty","Czarnego Zawiszy","1-19","Łódź","Łódź","łódzkie"
"91-826","Łódź","Bałuty","Spacerowa","9-DK","Łódź","Łódź","łódzkie"
"93-614","Łódź","Górna","Józefów","1-40a","Łódź","Łódź","łódzkie"
"93-458","Łódź","Górna","Mierzejowa","","Łódź","Łódź","łódzkie"
"94-247","Łódź","Polesie","Grzybowa","","Łódź","Łódź","łódzkie"
"94-218","Łódź","Polesie","Pionierska","9-15(n), 12-18(p)","Łódź","Łódź","łódzkie"
"(adsbygoogle = window.adsbygoogle || []).push({});"
"94-103","Łódź","Polesie","Wróblewskiego Walerego","33-41(n), 78-94(p)","Łódź","Łódź","łódzkie"
"91-111","Łódź","Bałuty","Traktorowa","59-65(n)","Łódź","Łódź","łódzkie"
"93-037","Łódź","Górna","Bednarska","23-DK(n), 38-DK(p)","Łódź","Łódź","łódzkie"
"92-602","Łódź","Widzew","Taborowa","65-137(n)","Łódź","Łódź","łódzkie"
"93-377","Łódź","Górna","Zagraniczna","","Łódź","Łódź","łódzkie"
"94-225","Łódź","Polesie","Czołgistów","39-DK(n), 52-DK(p)","Łódź","Łódź","łódzkie"
"90-411","Łódź","Śródmieście","Więckowskiego Stanisława (Pułkownika Doktora Stanisława Więckowskiego)","1-11(n)","Łódź","Łódź","łódzkie"
"92-543","Łódź","Widzew","Czernika Stanisława","2-10(p)","Łódź","Łódź","łódzkie"
"91-824","Łódź","Bałuty","Czarnego Zawiszy","20-22(p), 21-27(n)","Łódź","Łódź","łódzkie"
"91-232","Łódź","Bałuty","Spadkowa","1-41","Łódź","Łódź","łódzkie"
"(adsbygoogle = window.adsbygoogle || []).push({});"
"93-463","Łódź","Górna","Jubileuszowa","","Łódź","Łódź","łódzkie"
"93-404","Łódź","Górna","Mierzyńskiego Zdzisława (Doktora Zdzisława Mierzyńskiego)","1-29(n), 2-20(p)","Łódź","Łódź","łódzkie"
"94-332","Łódź","Polesie","Gwardii Ludowej","","Łódź","Łódź","łódzkie"
"94-106","Łódź","Polesie","Plocka Franciszka","","Łódź","Łódź","łódzkie"
"94-024","Łódź","Polesie","Wygodna","","Łódź","Łódź","łódzkie"
"91-204","Łódź","Bałuty","Traktorowa","67-85(n), 128-158(p)","Łódź","Łódź","łódzkie"
"93-369","Łódź","Górna","Bezpieczna","","Łódź","Łódź","łódzkie"
"90-323","Łódź","Widzew","Targowa","42-44(p)","Łódź","Łódź","łódzkie"
"93-648","Łódź","Górna","Zagrodowa","","Łódź","Łódź","łódzkie"
"94-240","Łódź","Polesie","Czwartaków","","Łódź","Łódź","łódzkie"
"(adsbygoogle = window.adsbygoogle || []).push({});"
"90-319","Łódź","Śródmieście","Wigury Stanisława (Pilota Stanisława Wigury)","14-DK(p), 21-DK(n)","Łódź","Łódź","łódzkie"
"92-539","Łódź","Widzew","Czernika Stanisława","9-15(n)","Łódź","Łódź","łódzkie"
"91-013","Łódź","Bałuty","Czarnkowska","","Łódź","Łódź","łódzkie"
"91-173","Łódź","Bałuty","Spadkowa","42-DK","Łódź","Łódź","łódzkie"
"93-254","Łódź","Górna","Kadłubka Wincentego","32","Łódź","Łódź","łódzkie"
"93-425","Łódź","Górna","Mierzyńskiego Zdzisława (Doktora Zdzisława Mierzyńskiego)","22-DK(p), 31-DK(n)","Łódź","Łódź","łódzkie"
"94-048","Łódź","Polesie","Hubala","","Łódź","Łódź","łódzkie"
"94-223","Łódź","Polesie","Płatowcowa","","Łódź","Łódź","łódzkie"
"94-042","Łódź","Polesie","Wyszyńskiego Stefana Al. (Księdza Kardynała Stefana Wyszyńskiego)","1-11(n), 6-24(p)","Łódź","Łódź","łódzkie"
"91-130","Łódź","Bałuty","Traktorowa","80-82(p)","Łódź","Łódź","łódzkie"
"(adsbygoogle = window.adsbygoogle || []).push({});"
"93-355","Łódź","Górna","Białostocka","","Łódź","Łódź","łódzkie"
"90-324","Łódź","Widzew","Targowa","46-DK(p), 65-DK(n)","Łódź","Łódź","łódzkie"
"93-522","Łódź","Górna","Zakliczyńska","","Łódź","Łódź","łódzkie"
"94-208","Łódź","Polesie","Daniłowskiego Gustawa","","Łódź","Łódź","łódzkie"
"90-368","Łódź","Śródmieście","Wigury Stanisława (Pilota Stanisława Wigury)","2","Łódź","Łódź","łódzkie"
"92-017","Łódź","Widzew","Czorsztyńska","","Łódź","Łódź","łódzkie"
"91-180","Łódź","Bałuty","Czcibora","","Łódź","Łódź","łódzkie"
"91-748","Łódź","Bałuty","Sporna","72","Łódź","Łódź","łódzkie"
"93-643","Łódź","Górna","Kalinowskiego Rafała (Świętego Rafała Kalinowskiego)","","Łódź","Łódź","łódzkie"
"93-322","Łódź","Górna","Mieszczańska","","Łódź","Łódź","łódzkie"
"(adsbygoogle = window.adsbygoogle || []).push({});"
"94-238","Łódź","Polesie","Pługowa","20-DK","Łódź","Łódź","łódzkie"
"94-048","Łódź","Polesie","Wyszyńskiego Stefana Al. (Księdza Kardynała Stefana Wyszyńskiego)","25-29(n)","Łódź","Łódź","łódzkie"
"91-144","Łódź","Bałuty","Traktorowa","86-90(p)","Łódź","Łódź","łódzkie"
"93-429","Łódź","Górna","Bierna","","Łódź","Łódź","łódzkie"
"92-753","Łódź","Widzew","Tatarkiewicza Władysława","","Łódź","Łódź","łódzkie"
"93-478","Łódź","Górna","Zalewowa","","Łódź","Łódź","łódzkie"
"94-239","Łódź","Polesie","Dąbrowszczaków","","Łódź","Łódź","łódzkie"
"90-263","Łódź","Śródmieście","Włókiennicza","1","Łódź","Łódź","łódzkie"
"92-413","Łódź","Widzew","Dąbrówki","","Łódź","Łódź","łódzkie"
"91-866","Łódź","Bałuty","Czeremchy","","Łódź","Łódź","łódzkie"
"(adsbygoogle = window.adsbygoogle || []).push({});"
"91-702","Łódź","Bałuty","Sporna","74-DK(p)","Łódź","Łódź","łódzkie"
"93-130","Łódź","Górna","Kaliska","","Łódź","Łódź","łódzkie"
"93-378","Łódź","Górna","Mieszkalna","","Łódź","Łódź","łódzkie"
"94-127","Łódź","Polesie","Pływacka","","Łódź","Łódź","łódzkie"
"94-047","Łódź","Polesie","Wyszyńskiego Stefana Al. (Księdza Kardynała Stefana Wyszyńskiego)","31-71(n), 38-80(p)","Łódź","Łódź","łódzkie"
"91-203","Łódź","Bałuty","Traktorowa","87-165(n), 160-182(p)","Łódź","Łódź","łódzkie"
"93-340","Łódź","Górna","Bieszczadzka","1-25(n), 2-18(p)","Łódź","Łódź","łódzkie"
"93-239","Łódź","Górna","Karola","","Łódź","Łódź","łódzkie"
"93-323","Łódź","Górna","Zamknięta","","Łódź","Łódź","łódzkie"
"94-020","Łódź","Polesie","Dembińskiego Henryka","","Łódź","Łódź","łódzkie"
"(adsbygoogle = window.adsbygoogle || []).push({});"
"90-271","Łódź","Śródmieście","Włókiennicza","2","Łódź","Łódź","łódzkie"
"92-430","Łódź","Widzew","Dmowskiego Romana","","Łódź","Łódź","łódzkie"
"91-738","Łódź","Bałuty","Czeremoska","","Łódź","Łódź","łódzkie"
"91-039","Łódź","Bałuty","Sprawiedliwa","","Łódź","Łódź","łódzkie"
"93-645","Łódź","Górna","Kamieńca Podolskiego","","Łódź","Łódź","łódzkie"
"93-475","Łódź","Górna","Międzyrzecze","","Łódź","Łódź","łódzkie"
"94-410","Łódź","Polesie","Podchorążych","99-DK(n), 132-DK(p)","Łódź","Łódź","łódzkie"
"94-243","Łódź","Polesie","Zadraż","","Łódź","Łódź","łódzkie"
"91-495","Łódź","Bałuty","Trzcinowa","","Łódź","Łódź","łódzkie"
"93-618","Łódź","Górna","Bieszczadzka","28-DK(p), 37-DK(n)","Łódź","Łódź","łódzkie"
"(adsbygoogle = window.adsbygoogle || []).push({});"
"93-539","Łódź","Górna","Karpacka","1-20","Łódź","Łódź","łódzkie"
"93-485","Łódź","Górna","Zamorska","1-27(n), 10-30(p)","Łódź","Łódź","łódzkie"
"94-110","Łódź","Polesie","Denna","1-68","Łódź","Łódź","łódzkie"
"91-415","Łódź","Śródmieście","Wolności Pl.","","Łódź","Łódź","łódzkie"
"90-030","Łódź","Widzew","Dobra","","Łódź","Łódź","łódzkie"
"91-179","Łódź","Bałuty","Czerwonych Maków","","Łódź","Łódź","łódzkie"
"91-328","Łódź","Bałuty","Srebrna","15","Łódź","Łódź","łódzkie"
"93-464","Łódź","Górna","Kanałowa","","Łódź","Łódź","łódzkie"
"93-102","Łódź","Górna","Milionowa","1-15(n), 4-6(p)","Łódź","Łódź","łódzkie"
"94-232","Łódź","Polesie","Podjazdowa","","Łódź","Łódź","łódzkie"
"(adsbygoogle = window.adsbygoogle || []).push({});"
"94-006","Łódź","Polesie","Zagrodniki","","Łódź","Łódź","łódzkie"
"91-864","Łódź","Bałuty","Tulipanowa","","Łódź","Łódź","łódzkie"
"93-431","Łódź","Górna","Bilardowa","","Łódź","Łódź","łódzkie"
"93-536","Łódź","Górna","Karpacka","21-DK","Łódź","Łódź","łódzkie"
"93-535","Łódź","Górna","Zaolziańska","2-DK(p)","Łódź","Łódź","łódzkie"
"94-271","Łódź","Polesie","Desantowa","","Łódź","Łódź","łódzkie"
"90-527","Łódź","Śródmieście","Wólczańska","122-150(p)","Łódź","Łódź","łódzkie"
"92-615","Łódź","Widzew","Domowa","","Łódź","Łódź","łódzkie"
"91-858","Łódź","Bałuty","Czysta","","Łódź","Łódź","łódzkie"
"91-334","Łódź","Bałuty","Srebrna","19-47a(n), 32-DK(p)","Łódź","Łódź","łódzkie"
"(adsbygoogle = window.adsbygoogle || []).push({});"
"93-486","Łódź","Górna","Kanclerska","","Łódź","Łódź","łódzkie"
"93-105","Łódź","Górna","Milionowa","17-21(n)","Łódź","Łódź","łódzkie"
"90-745","Łódź","Polesie","Pogonowskiego Stefana (Kapitana Stefana Pogonowskiego)","1-35(n)","Łódź","Łódź","łódzkie"
"94-216","Łódź","Polesie","Zakręt","","Łódź","Łódź","łódzkie"
"91-520","Łódź","Bałuty","Turkusowa","","Łódź","Łódź","łódzkie"
"93-469","Łódź","Górna","Biwakowa","","Łódź","Łódź","łódzkie"
"93-155","Łódź","Górna","Karpia","","Łódź","Łódź","łódzkie"
"93-204","Łódź","Górna","Zapolskiej Gabrieli","1-39(n), 2-44(p)","Łódź","Łódź","łódzkie"
"91-076","Łódź","Polesie","Długosza Jana","1-9(n), 2-14(p)","Łódź","Łódź","łódzkie"
"90-607","Łódź","Śródmieście","Wólczańska","18-30(p)","Łódź","Łódź","łódzkie"
"(adsbygoogle = window.adsbygoogle || []).push({});"
"92-407","Łódź","Widzew","Dorabialskiej Alicji","","Łódź","Łódź","łódzkie"
"91-867","Łódź","Bałuty","Deczyńskiego Kazimierza","24-42a(p)","Łódź","Łódź","łódzkie"
"91-859","Łódź","Bałuty","Stalowa","","Łódź","Łódź","łódzkie"
"93-426","Łódź","Górna","Karowa","","Łódź","Łódź","łódzkie"
"93-034","Łódź","Górna","Milionowa","2-2g","Łódź","Łódź","łódzkie"
"90-746","Łódź","Polesie","Pogonowskiego Stefana (Kapitana Stefana Pogonowskiego)","2-36(p)","Łódź","Łódź","łódzkie"
"93-469","Łódź","Polesie","Załogowa","","Łódź","Łódź","łódzkie"
"91-025","Łódź","Bałuty","Turoszowska","","Łódź","Łódź","łódzkie"
"93-322","Łódź","Górna","Błękitna","","Łódź","Łódź","łódzkie"
"90-353","Łódź","Górna","Kilińskiego Jana","171-177(n)","Łódź","Łódź","łódzkie"
"(adsbygoogle = window.adsbygoogle || []).push({});"
"93-184","Łódź","Górna","Zarzewska","1-23","Łódź","Łódź","łódzkie"
"94-111","Łódź","Polesie","Dolinna","","Łódź","Łódź","łódzkie"
"90-531","Łódź","Śródmieście","Wólczańska","186-218(p)","Łódź","Łódź","łódzkie"
"92-008","Łódź","Widzew","Dunajec","","Łódź","Łódź","łódzkie"
"91-849","Łódź","Bałuty","Dekerta Jana","","Łódź","Łódź","łódzkie"
"91-438","Łódź","Bałuty","Stary Rynek Rynek","","Łódź","Łódź","łódzkie"
"93-173","Łódź","Górna","Kasowa","","Łódź","Łódź","łódzkie"
"93-193","Łódź","Górna","Milionowa","8-12(p), 23-39(n)","Łódź","Łódź","łódzkie"
"90-618","Łódź","Polesie","Pogonowskiego Stefana (Kapitana Stefana Pogonowskiego)","37-48","Łódź","Łódź","łódzkie"
"90-511","Łódź","Polesie","Zamenhofa Ludwika","21-DK(n)","Łódź","Łódź","łódzkie"
"(adsbygoogle = window.adsbygoogle || []).push({});"
"91-356","Łódź","Bałuty","Turzycowa","","Łódź","Łódź","łódzkie"
"93-465","Łódź","Górna","Błotna","","Łódź","Łódź","łódzkie"
"93-106","Łódź","Górna","Kilińskiego Jana","190-218(p), 191-213(n)","Łódź","Łódź","łódzkie"
"93-129","Łódź","Górna","Zarzewska","47-55(n), 48-58(p)","Łódź","Łódź","łódzkie"
"94-279","Łódź","Polesie","Dożynkowa","","Łódź","Łódź","łódzkie"
"93-005","Łódź","Śródmieście","Wólczańska","220-234(p)","Łódź","Łódź","łódzkie"
"92-623","Łódź","Widzew","Dunikowskiego Ksawerego","","Łódź","Łódź","łódzkie"
"91-110","Łódź","Bałuty","Denhoff-Czarnockiego Wacława","","Łódź","Łódź","łódzkie"
"91-604","Łódź","Bałuty","Stasia","","Łódź","Łódź","łódzkie"
"93-480","Łódź","Górna","Kawowa","","Łódź","Łódź","łódzkie"
"(adsbygoogle = window.adsbygoogle || []).push({});"
"93-014","Łódź","Górna","Miła","","Łódź","Łódź","łódzkie"
"90-569","Łódź","Polesie","Pogonowskiego Stefana (Kapitana Stefana Pogonowskiego)","76-DK","Łódź","Łódź","łódzkie"
"90-520","Łódź","Polesie","Zamenhofa Ludwika","22","Łódź","Łódź","łódzkie"
"91-043","Łódź","Bałuty","Tybury Stanisława","1-9(n)","Łódź","Łódź","łódzkie"
"93-646","Łódź","Górna","Boczna","","Łódź","Łódź","łódzkie"
"93-124","Łódź","Górna","Kilińskiego Jana","215-219a(n), 220-230(p)","Łódź","Łódź","łódzkie"
"93-124","Łódź","Górna","Zarzewska","57-DK(n), 60-DK(p)","Łódź","Łódź","łódzkie"
"94-209","Łódź","Polesie","Drewnowska","206","Łódź","Łódź","łódzkie"
"90-608","Łódź","Śródmieście","Wólczańska","32-58(p)","Łódź","Łódź","łódzkie"
"92-636","Łódź","Widzew","Dworcowa","","Łódź","Łódź","łódzkie"
"(adsbygoogle = window.adsbygoogle || []).push({});"
"91-357","Łódź","Bałuty","Dereniowa","","Łódź","Łódź","łódzkie"
"91-746","Łódź","Bałuty","Staszica Stanisława (Księdza Stanisława Staszica)","1-9(n), 2-16(p)","Łódź","Łódź","łódzkie"
"93-346","Łódź","Górna","Keniżanki Władysławy","","Łódź","Łódź","łódzkie"
"93-426","Łódź","Górna","Miniaturowa","","Łódź","Łódź","łódzkie"
"93-590","Łódź","Polesie","Politechniki Al.","1-15(n), 2-12(p)","Łódź","Łódź","łódzkie"
"93-468","Łódź","Polesie","Zamiejska","","Łódź","Łódź","łódzkie"
"91-013","Łódź","Bałuty","Tybury Stanisława","2-4b(p)","Łódź","Łódź","łódzkie"
"93-552","Łódź","Górna","Bohdanowicza Karola","","Łódź","Łódź","łódzkie"
"93-133","Łódź","Górna","Kilińskiego Jana","221-239(n), 232-242(p)","Łódź","Łódź","łódzkie"
"93-442","Łódź","Górna","Zastawna","1-6","Łódź","Łódź","łódzkie"
"(adsbygoogle = window.adsbygoogle || []).push({});"
"94-280","Łódź","Polesie","Dyngusowa","","Łódź","Łódź","łódzkie"
"91-417","Łódź","Śródmieście","Wschodnia","1-19(n), 2-26(p)","Łódź","Łódź","łódzkie"
"92-784","Łódź","Widzew","Dyniowa","","Łódź","Łódź","łódzkie"
"91-503","Łódź","Bałuty","Dojazdowa","","Łódź","Łódź","łódzkie"
"91-463","Łódź","Bałuty","Stefana","1-22","Łódź","Łódź","łódzkie"
"93-428","Łódź","Górna","Kierowa","","Łódź","Łódź","łódzkie"
"93-241","Łódź","Górna","Młynek","","Łódź","Łódź","łódzkie"
"94-052","Łódź","Polesie","Popiełuszki Jerzego (Księdza Jerzego Popiełuszki)","1-27(n), 2-30(p)","Łódź","Łódź","łódzkie"
"94-122","Łódź","Polesie","Zapaśnicza","","Łódź","Łódź","łódzkie"
"91-027","Łódź","Bałuty","Uniejowska","1-DK(n)","Łódź","Łódź","łódzkie"
"(adsbygoogle = window.adsbygoogle || []).push({});"
"93-267","Łódź","Górna","Broniewskiego Władysława","40-60a(p)","Łódź","Łódź","łódzkie"
"93-150","Łódź","Górna","Kilińskiego Jana","287-DK(n), 318-328(p)","Łódź","Łódź","łódzkie"
"93-452","Łódź","Górna","Zastawna","7-DK","Łódź","Łódź","łódzkie"
"94-327","Łódź","Polesie","Dzieci Łodzi","","Łódź","Łódź","łódzkie"
"90-272","Łódź","Śródmieście","Wschodnia","21-47(n)","Łódź","Łódź","łódzkie"
"92-311","Łódź","Widzew","Dziewiarska","","Łódź","Łódź","łódzkie"
"91-531","Łódź","Bałuty","Dolomitowa","","Łódź","Łódź","łódzkie"
"91-458","Łódź","Bałuty","Stefana","23-DK(n), 28-DK(p)","Łódź","Łódź","łódzkie"
"93-446","Łódź","Górna","Kierunkowa","","Łódź","Łódź","łódzkie"
"93-369","Łódź","Górna","Mocna","","Łódź","Łódź","łódzkie"
"(adsbygoogle = window.adsbygoogle || []).push({});"
"93-569","Łódź","Polesie","Proletariacka","","Łódź","Łódź","łódzkie"
"94-232","Łódź","Polesie","Zaporowa","","Łódź","Łódź","łódzkie"
"91-024","Łódź","Bałuty","Uniejowska","2-DK(p)","Łódź","Łódź","łódzkie"
"93-258","Łódź","Górna","Broniewskiego Władysława","45-67(n)","Łódź","Łódź","łódzkie"
"93-369","Łódź","Górna","Kluczowa","","Łódź","Łódź","łódzkie"
"93-468","Łódź","Górna","Zatokowa","","Łódź","Łódź","łódzkie"
"94-103","Łódź","Polesie","Elektronowa","","Łódź","Łódź","łódzkie"
"90-266","Łódź","Śródmieście","Wschodnia","55-DK(n), 60-DK(p)","Łódź","Łódź","łódzkie"
"90-344","Łódź","Widzew","Fabryczna","12-14(p), 15-23(n)","Łódź","Łódź","łódzkie"
"91-727","Łódź","Bałuty","Doły","","Łódź","Łódź","łódzkie"
"(adsbygoogle = window.adsbygoogle || []).push({});"
"91-470","Łódź","Bałuty","Stefana","24-26(p)","Łódź","Łódź","łódzkie"
"93-465","Łódź","Górna","Kijanki","","Łódź","Łódź","łódzkie"
"93-475","Łódź","Górna","Morawska","","Łódź","Łódź","łódzkie"
"90-708","Łódź","Polesie","Próchnika Adama","13-31(n), 18-28(p)","Łódź","Łódź","łódzkie"
"94-111","Łódź","Polesie","Zboczowa","","Łódź","Łódź","łódzkie"
"91-230","Łódź","Bałuty","Uprawna","","Łódź","Łódź","łódzkie"
"93-619","Łódź","Górna","Bronisin","1-23(n), 2-32(p)","Łódź","Łódź","łódzkie"
"93-276","Łódź","Górna","Kolbego Maksymiliana Marii Skw. (Świętego Maksymiliana Marii Kolbego)","","Łódź","Łódź","łódzkie"
"93-636","Łódź","Górna","Zawieyskiego Jerzego","","Łódź","Łódź","łódzkie"
"94-115","Łódź","Polesie","Falista","","Łódź","Łódź","łódzkie"
"(adsbygoogle = window.adsbygoogle || []).push({});"
"90-725","Łódź","Śródmieście","Zachodnia","72-84(p)","Łódź","Łódź","łódzkie"
"92-312","Łódź","Widzew","Farbiarska","","Łódź","Łódź","łódzkie"
"91-002","Łódź","Bałuty","Drewnowska","1-73(n), 10-64(p)","Łódź","Łódź","łódzkie"
"91-010","Łódź","Bałuty","Stolarska","","Łódź","Łódź","łódzkie"
"90-354","Łódź","Górna","Kilińskiego Jana","170-182(p)","Łódź","Łódź","łódzkie"
"93-648","Łódź","Górna","Morenowa","","Łódź","Łódź","łódzkie"
"90-715","Łódź","Polesie","Próchnika Adama","30-32(p)","Łódź","Łódź","łódzkie"
"94-235","Łódź","Polesie","Zbrojna","","Łódź","Łódź","łódzkie"
"91-616","Łódź","Bałuty","Urlopowa","","Łódź","Łódź","łódzkie"
"93-620","Łódź","Górna","Bronisin","25-83(n), 34-68(p)","Łódź","Łódź","łódzkie"
"(adsbygoogle = window.adsbygoogle || []).push({});"
"93-610","Łódź","Górna","Kolumny","1-125(n), 2-138(p)","Łódź","Łódź","łódzkie"
"93-225","Łódź","Górna","Zbaraska","16-DK(p), 21-DK(n)","Łódź","Łódź","łódzkie"
"94-245","Łódź","Polesie","Fijałkowskiego Włodzimierza (Profesora Włodzimierza Fijałkowskiego)","","Łódź","Łódź","łódzkie"
"90-723","Łódź","Śródmieście","Zachodnia","95-DK(n)","Łódź","Łódź","łódzkie"
"92-741","Łódź","Widzew","Frezjowa","","Łódź","Łódź","łódzkie"
"91-728","Łódź","Bałuty","Drwęcka","","Łódź","Łódź","łódzkie"
"91-503","Łódź","Bałuty","Strusia","","Łódź","Łódź","łódzkie"
"90-348","Łódź","Górna","Kilińskiego Jana","179-189(n), 184-188(p)","Łódź","Łódź","łódzkie"
"93-649","Łódź","Górna","Mozaikowa","","Łódź","Łódź","łódzkie"
"90-712","Łódź","Polesie","Próchnika Adama","33-DK(n)","Łódź","Łódź","łódzkie"
"(adsbygoogle = window.adsbygoogle || []).push({});"
"90-601","Łódź","Polesie","Zielona","10-20(p), 13-23(n)","Łódź","Łódź","łódzkie"
"91-312","Łódź","Bałuty","Urzędnicza","2-36(p), 5-39(n)","Łódź","Łódź","łódzkie"
"93-430","Łódź","Górna","Bulwarowa","","Łódź","Łódź","łódzkie"
"93-612","Łódź","Górna","Kolumny","172-208(p), 197-209(n)","Łódź","Łódź","łódzkie"
"93-212","Łódź","Górna","Zbaraska","2-14(p), 15-19(n)","Łódź","Łódź","łódzkie"
"94-216","Łódź","Polesie","Filarecka","","Łódź","Łódź","łódzkie"
"90-517","Łódź","Śródmieście","Zamenhofa Ludwika","7-9(n)","Łódź","Łódź","łódzkie"
"92-624","Łódź","Widzew","Galla Anonima","","Łódź","Łódź","łódzkie"
"91-605","Łódź","Bałuty","Dworzaczka","","Łódź","Łódź","łódzkie"
"91-527","Łódź","Bałuty","Strykowska","100-134(p), 131-161(n)","Łódź","Łódź","łódzkie"
"(adsbygoogle = window.adsbygoogle || []).push({});"
"93-138","Łódź","Górna","Kilińskiego Jana","241-245(n), 244-262(p)","Łódź","Łódź","łódzkie"
"93-346","Łódź","Górna","Mroźna","","Łódź","Łódź","łódzkie"
"94-310","Łódź","Polesie","Przygraniczna","","Łódź","Łódź","łódzkie"
"90-602","Łódź","Polesie","Zielona","22-26(p), 25-39(n)","Łódź","Łódź","łódzkie"
"91-498","Łódź","Bałuty","Uśmiechu Al.","","Łódź","Łódź","łódzkie"
"93-478","Łódź","Górna","Burtowa","","Łódź","Łódź","łódzkie"
"93-613","Łódź","Górna","Kolumny","211-265(n), 220-264(p)","Łódź","Łódź","łódzkie"
"93-638","Łódź","Górna","Ziemiańska","","Łódź","Łódź","łódzkie"
"94-319","Łódź","Polesie","Filomatów","","Łódź","Łódź","łódzkie"
"90-440","Łódź","Śródmieście","ZHP Al.","","Łódź","Łódź","łódzkie"
"(adsbygoogle = window.adsbygoogle || []).push({});"
"92-637","Łódź","Widzew","Giemzowska","","Łódź","Łódź","łódzkie"
"91-169","Łódź","Bałuty","Dylika Jana (Profesora Jana Dylika)","","Łódź","Łódź","łódzkie"
"91-737","Łódź","Bałuty","Strykowska","2","Łódź","Łódź","łódzkie"
"93-160","Łódź","Górna","Kilińskiego Jana","247-285(n), 264-316(p)","Łódź","Łódź","łódzkie"
"93-423","Łódź","Górna","Municypalna","","Łódź","Łódź","łódzkie"
"94-250","Łódź","Polesie","Pszenna","","Łódź","Łódź","łódzkie"
"90-604","Łódź","Polesie","Zielona","30-48(p), 45-57(n)","Łódź","Łódź","łódzkie"
"91-615","Łódź","Bałuty","Uzdrowiskowa","","Łódź","Łódź","łódzkie"
"93-469","Łódź","Górna","Bystra","","Łódź","Łódź","łódzkie"
"93-631","Łódź","Górna","Kolumny","266-280(p), 267-299(n)","Łódź","Łódź","łódzkie"
"(adsbygoogle = window.adsbygoogle || []).push({});"
"93-232","Łódź","Górna","Ziomkowa","","Łódź","Łódź","łódzkie"
"94-222","Łódź","Polesie","Fizylierów","","Łódź","Łódź","łódzkie"
"90-601","Łódź","Śródmieście","Zielona","15","Łódź","Łódź","łódzkie"
"92-613","Łódź","Widzew","Gliszczyńskiego Artura","","Łódź","Łódź","łódzkie"
"91-866","Łódź","Bałuty","Dziewanny","","Łódź","Łódź","łódzkie"
"91-614","Łódź","Bałuty","Strykowska","55-91(n)","Łódź","Łódź","łódzkie"
"93-156","Łódź","Górna","Kilińskiego Jana","330-DK(p)","Łódź","Łódź","łódzkie"
"93-452","Łódź","Górna","Murawy","","Łódź","Łódź","łódzkie"
"93-571","Łódź","Polesie","Ptasia","","Łódź","Łódź","łódzkie"
"90-760","Łódź","Polesie","Zielona","58-64(p)","Łódź","Łódź","łódzkie"
"(adsbygoogle = window.adsbygoogle || []).push({});"
"91-181","Łódź","Bałuty","Walońska","","Łódź","Łódź","łódzkie"
"93-547","Łódź","Górna","Ceramiczna","","Łódź","Łódź","łódzkie"
"93-649","Łódź","Górna","Kolumny","389-DK(n), 392-DK(p)","Łódź","Łódź","łódzkie"
"93-402","Łódź","Górna","Zjednoczenia","","Łódź","Łódź","łódzkie"
"94-133","Łódź","Polesie","Gałeckiego Antoniego","","Łódź","Łódź","łódzkie"
"90-448","Łódź","Śródmieście","Żwirki Franciszka (Kapitana Pilota Franciszka Żwirki)","1-5(n)","Łódź","Łódź","łódzkie"
"92-513","Łódź","Widzew","Gogola Mikołaja","","Łódź","Łódź","łódzkie"
"91-459","Łódź","Bałuty","Dzika","","Łódź","Łódź","łódzkie"
"91-498","Łódź","Bałuty","Studzińskiego Zdzisława (Wiceadmirała Zdzisława Studzińskiego)","","Łódź","Łódź","łódzkie"
"93-331","Łódź","Górna","Klasowa","","Łódź","Łódź","łódzkie"
"(adsbygoogle = window.adsbygoogle || []).push({});"
"93-474","Łódź","Górna","Muszlowa","","Łódź","Łódź","łódzkie"
"94-214","Łódź","Polesie","Rabatkowa","","Łódź","Łódź","łódzkie"
"90-750","Łódź","Polesie","Zielona","59","Łódź","Łódź","łódzkie"
"91-865","Łódź","Bałuty","Wałbrzyska","","Łódź","Łódź","łódzkie"
"93-330","Łódź","Górna","Chłodnikowa","","Łódź","Łódź","łódzkie"
"93-479","Łódź","Górna","Kołobrzeska","","Łódź","Łódź","łódzkie"
"93-411","Łódź","Górna","Złocista","","Łódź","Łódź","łódzkie"
"90-706","Łódź","Polesie","Gdańska","13-25(n)","Łódź","Łódź","łódzkie"
"92-771","Łódź","Widzew","Ananasowa","","Łódź","Łódź","łódzkie"
"92-542","Łódź","Widzew","Gorkiego Maksyma","16-28(p)","Łódź","Łódź","łódzkie"
"(adsbygoogle = window.adsbygoogle || []).push({});"
"91-613","Łódź","Bałuty","Ekologiczna","","Łódź","Łódź","łódzkie"
"91-744","Łódź","Bałuty","Sucharskiego Henryka (Majora Henryka Sucharskiego)","1-5","Łódź","Łódź","łódzkie"
"93-430","Łódź","Górna","Klubowa","","Łódź","Łódź","łódzkie"
"93-519","Łódź","Górna","Myśliwska","","Łódź","Łódź","łódzkie"
"90-541","Łódź","Polesie","Radwańska","18-30(p)","Łódź","Łódź","łódzkie"
"90-765","Łódź","Polesie","Zielona","66-DK(p), 73-DK(n)","Łódź","Łódź","łódzkie"
"91-202","Łódź","Bałuty","Warecka","1-15(n), 2-24(p)","Łódź","Łódź","łódzkie"
"93-313","Łódź","Górna","Chóralna","1-11","Łódź","Łódź","łódzkie"
"93-553","Łódź","Górna","Komfortowa","","Łódź","Łódź","łódzkie"
"93-485","Łódź","Górna","Zwrotnikowa","","Łódź","Łódź","łódzkie"
"(adsbygoogle = window.adsbygoogle || []).push({});"
"90-536","Łódź","Polesie","Gdańska","135-DK","Łódź","Łódź","łódzkie"
"92-550","Łódź","Widzew","Andrzejewskiej Jadzi","","Łódź","Łódź","łódzkie"
"92-541","Łódź","Widzew","Gorkiego Maksyma","2-12(p)","Łódź","Łódź","łódzkie"
"91-502","Łódź","Bałuty","Eterowa","","Łódź","Łódź","łódzkie"
"91-755","Łódź","Bałuty","Sucharskiego Henryka (Majora Henryka Sucharskiego)","6-DK","Łódź","Łódź","łódzkie"
"93-487","Łódź","Górna","Kolejowa","","Łódź","Łódź","łódzkie"
"93-448","Łódź","Górna","Nad Nerem","","Łódź","Łódź","łódzkie"
"93-574","Łódź","Polesie","Radwańska","40/42","Łódź","Łódź","łódzkie"
"90-759","Łódź","Polesie","Zielona","67-71(n)","Łódź","Łódź","łódzkie"
"91-316","Łódź","Bałuty","Warmińska","","Łódź","Łódź","łódzkie"
"(adsbygoogle = window.adsbygoogle || []).push({});"
"93-328","Łódź","Górna","Chóralna","12-DK","Łódź","Łódź","łódzkie"
"93-309","Łódź","Górna","Komorniki","","Łódź","Łódź","łódzkie"
"93-341","Łódź","Górna","Zygmunta","109-DK","Łódź","Łódź","łódzkie"
"90-716","Łódź","Polesie","Gdańska","26-34(p)","Łódź","Łódź","łódzkie"
"92-010","Łódź","Widzew","Arniki","","Łódź","Łódź","łódzkie"
"92-524","Łódź","Widzew","Gorkiego Maksyma","21-43(n)","Łódź","Łódź","łódzkie"
"91-168","Łódź","Bałuty","Fizyczna","","Łódź","Łódź","łódzkie"
"91-855","Łódź","Bałuty","Sukiennicza","","Łódź","Łódź","łódzkie"
"93-611","Łódź","Górna","Kolumny","127-195(n), 140-170(p)","Łódź","Łódź","łódzkie"
"93-647","Łódź","Górna","Nad Stawem","","Łódź","Łódź","łódzkie"
"(adsbygoogle = window.adsbygoogle || []).push({});"
"94-003","Łódź","Polesie","Rajdowa","","Łódź","Łódź","łódzkie"
"94-315","Łódź","Polesie","Złotno","105-153(n), 114-168(p)","Łódź","Łódź","łódzkie"
"91-602","Łódź","Bałuty","Warszawska","101-DK(n)","Łódź","Łódź","łódzkie"
"93-448","Łódź","Górna","Chylońska","","Łódź","Łódź","łódzkie"
"93-403","Łódź","Górna","Komunalna","","Łódź","Łódź","łódzkie"
"93-516","Łódź","Górna","Zygmuntowska","8-DK(p), 11-DK(n)","Łódź","Łódź","łódzkie"
"90-734","Łódź","Polesie","Gdańska","41-43(n)","Łódź","Łódź","łódzkie"
"92-109","Łódź","Widzew","Bacowa","","Łódź","Łódź","łódzkie"
"92-519","Łódź","Widzew","Gorkiego Maksyma","47-61(n)","Łódź","Łódź","łódzkie"
"91-180","Łódź","Bałuty","Flamandzka","","Łódź","Łódź","łódzkie"
"(adsbygoogle = window.adsbygoogle || []).push({});"
"91-184","Łódź","Bałuty","Sycylijska","","Łódź","Łódź","łódzkie"
"93-642","Łódź","Górna","Kolumny","282-318(p), 301-327(n)","Łódź","Łódź","łódzkie"
"93-262","Łódź","Górna","Nałkowskiej Zofii","","Łódź","Łódź","łódzkie"
"93-575","Łódź","Polesie","Rembielińskiego Rajmunda","","Łódź","Łódź","łódzkie"
"94-411","Łódź","Polesie","Złotno","155-DK(n), 170-DK(p)","Łódź","Łódź","łódzkie"
"91-839","Łódź","Bałuty","Wawelska","","Łódź","Łódź","łódzkie"
"93-547","Łódź","Górna","Ciasna","1-19a(n), 2-16(p)","Łódź","Łódź","łódzkie"
"93-447","Łódź","Górna","Konna","","Łódź","Łódź","łódzkie"
"93-411","Łódź","Górna","Życzliwa","","Łódź","Łódź","łódzkie"
"90-729","Łódź","Polesie","Gdańska","45-53(n)","Łódź","Łódź","łódzkie"
"(adsbygoogle = window.adsbygoogle || []).push({});"
"92-775","Łódź","Widzew","Bananowa","","Łódź","Łódź","łódzkie"
"92-518","Łódź","Widzew","Gorkiego Maksyma","63-87(n)","Łódź","Łódź","łódzkie"
"91-186","Łódź","Bałuty","Fogga Mieczysława","","Łódź","Łódź","łódzkie"
"91-171","Łódź","Bałuty","Szałwiowa","","Łódź","Łódź","łódzkie"
"93-647","Łódź","Górna","Kolumny","320-390(p), 329-387(n)","Łódź","Łódź","łódzkie"
"93-443","Łódź","Górna","Namysłowskiego Bolesława","","Łódź","Łódź","łódzkie"
"94-212","Łódź","Polesie","Rezedowa","","Łódź","Łódź","łódzkie"
"94-301","Łódź","Polesie","Zyndrama Mikołaja","","Łódź","Łódź","łódzkie"
"91-605","Łódź","Bałuty","Wawrzyniaka Piotra (Księdza Piotra Wawrzyniaka)","","Łódź","Łódź","łódzkie"
"93-633","Łódź","Górna","Ciągnikowa","","Łódź","Łódź","łódzkie"
"(adsbygoogle = window.adsbygoogle || []).push({});"
"93-621","Łódź","Górna","Konspiracji","","Łódź","Łódź","łódzkie"
"93-541","Łódź","Górna","Żywiecka","","Łódź","Łódź","łódzkie"
"90-612","Łódź","Polesie","Gdańska","52-66(p), 57-71(n)","Łódź","Łódź","łódzkie"
"92-612","Łódź","Widzew","Bartnicza","","Łódź","Łódź","łódzkie"
"92-780","Łódź","Widzew","Grabińska","","Łódź","Łódź","łódzkie"
"91-481","Łódź","Bałuty","Folwarczna","1-25(n), 2-36(p)","Łódź","Łódź","łódzkie"
"91-183","Łódź","Bałuty","Szarej Piechoty","","Łódź","Łódź","łódzkie"
"93-142","Łódź","Górna","Kołowa","","Łódź","Łódź","łódzkie"
"93-144","Łódź","Górna","Naruszewicza Adama","37-DK(n), 52-DK(p)","Łódź","Łódź","łódzkie"
"94-408","Łódź","Polesie","Rozwadowskiego Tadeusza (Generała Tadeusza Rozwadowskiego)","","Łódź","Łódź","łódzkie"
"(adsbygoogle = window.adsbygoogle || []).push({});"
"90-752","Łódź","Polesie","Żeligowskiego Lucjana (Generała Lucjana Żeligowskiego)","1-19(n)","Łódź","Łódź","łódzkie"
"91-169","Łódź","Bałuty","Wernera Jerzego (Profesora Jerzego Wernera)","","Łódź","Łódź","łódzkie"
"93-459","Łódź","Górna","Ciechocińska","","Łódź","Łódź","łódzkie"
"93-482","Łódź","Górna","Koralowa","","Łódź","Łódź","łódzkie"
"90-602","Łódź","Polesie","Gdańska","55","Łódź","Łódź","łódzkie"
"92-547","Łódź","Widzew","Bartoka Beli","1-25(n), 2-20(p)","Łódź","Łódź","łódzkie"
"92-101","Łódź","Widzew","Graniowa","","Łódź","Łódź","łódzkie"
"91-487","Łódź","Bałuty","Folwarczna","27-DK(n), 38-DK(p)","Łódź","Łódź","łódzkie"
"91-493","Łódź","Bałuty","Szczęśliwa","","Łódź","Łódź","łódzkie"
"93-327","Łódź","Górna","Kominowa","","Łódź","Łódź","łódzkie"
"(adsbygoogle = window.adsbygoogle || []).push({});"
"93-457","Łódź","Górna","Narwik","","Łódź","Łódź","łódzkie"
"91-089","Łódź","Polesie","Rychlińskiego Tomasza","","Łódź","Łódź","łódzkie"
"90-753","Łódź","Polesie","Żeligowskiego Lucjana (Generała Lucjana Żeligowskiego)","2-26(p)","Łódź","Łódź","łódzkie"
"91-486","Łódź","Bałuty","Wiązowa","","Łódź","Łódź","łódzkie"
"93-438","Łódź","Górna","Cienista","","Łódź","Łódź","łódzkie"
"93-412","Łódź","Górna","Korczaka Janusza","","Łódź","Łódź","łódzkie"
"90-613","Łódź","Polesie","Gdańska","68-88(p), 73-95(n)","Łódź","Łódź","łódzkie"
"92-546","Łódź","Widzew","Bartoka Beli","27-41(n)","Łódź","Łódź","łódzkie"
"92-226","Łódź","Widzew","Grodzka","","Łódź","Łódź","łódzkie"
"91-431","Łódź","Bałuty","Franciszkańska","1-11","Łódź","Łódź","łódzkie"
"(adsbygoogle = window.adsbygoogle || []).push({});"
"91-512","Łódź","Bałuty","Szczygla","","Łódź","Łódź","łódzkie"
"93-305","Łódź","Górna","Koncertowa","","Łódź","Łódź","łódzkie"
"93-318","Łódź","Górna","Natalii","","Łódź","Łódź","łódzkie"
"94-214","Łódź","Polesie","Rzepakowa","","Łódź","Łódź","łódzkie"
"90-549","Łódź","Polesie","Żeromskiego Stefana","101-113(n)","Łódź","Łódź","łódzkie"
"91-157","Łódź","Bałuty","Wici","1-87(n), 30-74(p)","Łódź","Łódź","łódzkie"
"93-504","Łódź","Górna","Cieszkowskiego Augusta","1-16","Łódź","Łódź","łódzkie"
"93-009","Łódź","Górna","Korsaka Juliana","","Łódź","Łódź","łódzkie"
"91-080","Łódź","Polesie","Górna","","Łódź","Łódź","łódzkie"
"92-533","Łódź","Widzew","Bartoka Beli","47-57(n)","Łódź","Łódź","łódzkie"
"(adsbygoogle = window.adsbygoogle || []).push({});"
"92-116","Łódź","Widzew","Gubałówka","","Łódź","Łódź","łódzkie"
"91-857","Łódź","Bałuty","Franciszkańska","142-DK(p)","Łódź","Łódź","łódzkie"
"91-855","Łódź","Bałuty","Szewska","","Łódź","Łódź","łódzkie"
"93-376","Łódź","Górna","Kongresowa","","Łódź","Łódź","łódzkie"
"93-029","Łódź","Górna","Niepodległości Pl.","","Łódź","Łódź","łódzkie"
"94-010","Łódź","Polesie","Sandomierska","","Łódź","Łódź","łódzkie"
"90-543","Łódź","Polesie","Żeromskiego Stefana","104-116(p)","Łódź","Łódź","łódzkie"
"91-024","Łódź","Bałuty","Wielkopolska","1-55(n)","Łódź","Łódź","łódzkie"
"93-505","Łódź","Górna","Cieszyńska","1-35(n), 2-12(p)","Łódź","Łódź","łódzkie"
"93-540","Łódź","Górna","Kosmonautów","","Łódź","Łódź","łódzkie"
"(adsbygoogle = window.adsbygoogle || []).push({});"
"94-239","Łódź","Polesie","Grenadierów","","Łódź","Łódź","łódzkie"
"92-531","Łódź","Widzew","Bartoka Beli","59-69(n)","Łódź","Łódź","łódzkie"
"92-010","Łódź","Widzew","Henrykowska","","Łódź","Łódź","łódzkie"
"91-441","Łódź","Bałuty","Franciszkańska","22-30(p)","Łódź","Łódź","łódzkie"
"91-528","Łódź","Bałuty","Szmaragdowa","","Łódź","Łódź","łódzkie"
"93-329","Łódź","Górna","Konopnickiej Marii","","Łódź","Łódź","łódzkie"
"93-449","Łódź","Górna","Niwelacyjna","","Łódź","Łódź","łódzkie"
"94-316","Łódź","Polesie","Saperów","","Łódź","Łódź","łódzkie"
"90-542","Łódź","Polesie","Żeromskiego Stefana","115-117a(n)","Łódź","Łódź","łódzkie"
"91-029","Łódź","Bałuty","Wielkopolska","57-DK(n), 70-DK(p)","Łódź","Łódź","łódzkie"
"(adsbygoogle = window.adsbygoogle || []).push({});"
"93-510","Łódź","Górna","Ciołkowskiego Konstantego","","Łódź","Łódź","łódzkie"
"93-213","Łódź","Górna","Kossaka Juliusza","1-19(n), 2-14(p)","Łódź","Łódź","łódzkie"
"94-016","Łódź","Polesie","Grodzieńska","1-15(n), 4-16(p)","Łódź","Łódź","łódzkie"
"92-511","Łódź","Widzew","Bartoka Beli","70-74(p)","Łódź","Łódź","łódzkie"
"92-705","Łódź","Widzew","Hiacyntowa","","Łódź","Łódź","łódzkie"
"91-815","Łódź","Bałuty","Franciszkańska","32-58(p), 37-59(n)","Łódź","Łódź","łódzkie"
"91-341","Łódź","Bałuty","Szpinakowa","","Łódź","Łódź","łódzkie"
"93-633","Łódź","Górna","Kopalniana","","Łódź","Łódź","łódzkie"
"93-266","Łódź","Górna","Niższa","","Łódź","Łódź","łódzkie"
"90-571","Łódź","Polesie","Skłodowskiej-Curie Marii","16-DK(p)","Łódź","Łódź","łódzkie"
"(adsbygoogle = window.adsbygoogle || []).push({});"
"90-736","Łódź","Polesie","Żeromskiego Stefana","21-33(n)","Łódź","Łódź","łódzkie"
"91-134","Łódź","Bałuty","Wiernej Rzeki","","Łódź","Łódź","łódzkie"
"93-504","Łódź","Górna","Czackiego Tadeusza","","Łódź","Łódź","łódzkie"
"93-209","Łódź","Górna","Kossaka Juliusza","16-DK(p), 21-DK(n)","Łódź","Łódź","łódzkie"
"94-010","Łódź","Polesie","Grodzieńska","19-25(n), 26-34(p)","Łódź","Łódź","łódzkie"
"92-725","Łódź","Widzew","Barwinkowa","","Łódź","Łódź","łódzkie"
"92-006","Łódź","Widzew","Hyrna","","Łódź","Łódź","łódzkie"
"91-825","Łódź","Bałuty","Franciszkańska","60-68(p)","Łódź","Łódź","łódzkie"
"91-162","Łódź","Bałuty","Sztaudyngera Jana Izydora","","Łódź","Łódź","łódzkie"
"93-025","Łódź","Górna","Korzeniowskiego Józefa","","Łódź","Łódź","łódzkie"
"(adsbygoogle = window.adsbygoogle || []).push({});"
"93-472","Łódź","Górna","Notecka","","Łódź","Łódź","łódzkie"
"90-532","Łódź","Polesie","Skorupki Ignacego (Księdza Harcmistrza Ignacego Skorupki)","6-10(p)","Łódź","Łódź","łódzkie"
"90-626","Łódź","Polesie","Żeromskiego Stefana","36-62(p)","Łódź","Łódź","łódzkie"
"91-519","Łódź","Bałuty","Wiewiórcza","","Łódź","Łódź","łódzkie"
"93-478","Łódź","Górna","Czahary","5-43/45, 51-73(n), 52-70(p)","Łódź","Łódź","łódzkie"
"93-357","Łódź","Górna","Kosynierów Gdyńskich","15-DK(n), 18-DK(p)","Łódź","Łódź","łódzkie"
"94-306","Łódź","Polesie","Gwardzistów","","Łódź","Łódź","łódzkie"
"92-308","Łódź","Widzew","Batorego Stefana","14-DK","Łódź","Łódź","łódzkie"
"92-410","Łódź","Widzew","Informatyczna","","Łódź","Łódź","łódzkie"
"91-837","Łódź","Bałuty","Franciszkańska","61-83(n)","Łódź","Łódź","łódzkie"
"(adsbygoogle = window.adsbygoogle || []).push({});"
"91-356","Łódź","Bałuty","Szuwarowa","","Łódź","Łódź","łódzkie"
"93-320","Łódź","Górna","Kosynierów Gdyńskich","1-13(n), 2-16(p)","Łódź","Łódź","łódzkie"
"93-541","Łódź","Górna","Obwodowa","","Łódź","Łódź","łódzkie"
"94-214","Łódź","Polesie","Słonecznikowa","","Łódź","Łódź","łódzkie"
"90-625","Łódź","Polesie","Żeromskiego Stefana","51-81(n)","Łódź","Łódź","łódzkie"
"91-481","Łódź","Bałuty","Włościańska","","Łódź","Łódź","łódzkie"
"93-464","Łódź","Górna","Czahary","72-DK(p)","Łódź","Łódź","łódzkie"
"93-458","Łódź","Górna","Koszalińska","","Łódź","Łódź","łódzkie"
"94-011","Łódź","Polesie","Gwiazdowa","","Łódź","Łódź","łódzkie"
"92-009","Łódź","Widzew","Bazaltowa","","Łódź","Łódź","łódzkie"
"(adsbygoogle = window.adsbygoogle || []).push({});"
"92-107","Łódź","Widzew","Jadwigi","","Łódź","Łódź","łódzkie"
"91-838","Łódź","Bałuty","Franciszkańska","70-88(p), 85-95(n)","Łódź","Łódź","łódzkie"
"91-725","Łódź","Bałuty","Ściegiennego Piotra (Księdza Piotra Ściegiennego)","","Łódź","Łódź","łódzkie"
"93-242","Łódź","Górna","Kotoniarska","","Łódź","Łódź","łódzkie"
"93-562","Łódź","Górna","Obywatelska","60-88(p), 69-87(n)","Łódź","Łódź","łódzkie"
"94-213","Łódź","Polesie","Snopowa","1-23(n), 2-16(p)","Łódź","Łódź","łódzkie"
"90-502","Łódź","Polesie","Żeromskiego Stefana","64-84(p), 83-99(n)","Łódź","Łódź","łódzkie"
"91-034","Łódź","Bałuty","Włókniarzy Al.","144-152(p)","Łódź","Łódź","łódzkie"
"93-349","Łódź","Górna","Czerwcowa","","Łódź","Łódź","łódzkie"
"93-482","Łódź","Górna","Kotwiczna","","Łódź","Łódź","łódzkie"
"(adsbygoogle = window.adsbygoogle || []).push({});"
"90-647","Łódź","Polesie","Hallera Józefa Pl. (Generała Józefa Hallera)","","Łódź","Łódź","łódzkie"
"91-611","Łódź","Widzew","Beskidzka","39-77(n), 40-80(p)","Łódź","Łódź","łódzkie"
"92-439","Łódź","Widzew","Jagienki","","Łódź","Łódź","łódzkie"
"91-336","Łódź","Bałuty","Fredry Aleksandra","","Łódź","Łódź","łódzkie"
"91-867","Łódź","Bałuty","Śliwowa","","Łódź","Łódź","łódzkie"
"93-241","Łódź","Górna","Kowalszczyzna","","Łódź","Łódź","łódzkie"
"93-472","Łódź","Górna","Odrzańska","18-DK","Łódź","Łódź","łódzkie"
"94-238","Łódź","Polesie","Snopowa","18-DK(p), 25-DK(n)","Łódź","Łódź","łódzkie"
"94-413","Łódź","Polesie","Żurawinowa","","Łódź","Łódź","łódzkie"
"90-203","Łódź","Śródmieście","Pomorska","31-47(n)","Łódź","Łódź","łódzkie"
"(adsbygoogle = window.adsbygoogle || []).push({});"
"93-005","Łódź","Górna","Czerwona","","Łódź","Łódź","łódzkie"
"93-360","Łódź","Górna","Kozielska","","Łódź","Łódź","łódzkie"
"94-266","Łódź","Polesie","Hejnałowa","","Łódź","Łódź","łódzkie"
"92-402","Łódź","Widzew","Blocha Jana Gottlieba","","Łódź","Łódź","łódzkie"
"92-235","Łódź","Widzew","Józefa","17-30","Łódź","Łódź","łódzkie"
"91-504","Łódź","Bałuty","Gajowa","","Łódź","Łódź","łódzkie"
"91-223","Łódź","Bałuty","Śniadeckiego Jędrzeja","","Łódź","Łódź","łódzkie"
"93-380","Łódź","Górna","Ofiarna","","Łódź","Łódź","łódzkie"
"93-571","Łódź","Polesie","Sowia","","Łódź","Łódź","łódzkie"
"94-126","Łódź","Polesie","Żużlowa","","Łódź","Łódź","łódzkie"
"(adsbygoogle = window.adsbygoogle || []).push({});"
"90-204","Łódź","Śródmieście","Pomorska","49-59(n)","Łódź","Łódź","łódzkie"
"93-480","Łódź","Górna","Człuchowska","","Łódź","Łódź","łódzkie"
"93-258","Łódź","Górna","Koźmiana Kajetana","","Łódź","Łódź","łódzkie"
"94-049","Łódź","Polesie","Hippiczna","","Łódź","Łódź","łódzkie"
"92-321","Łódź","Widzew","Bobrowa","","Łódź","Łódź","łódzkie"
"92-232","Łódź","Widzew","Józefa","31-DK","Łódź","Łódź","łódzkie"
"91-349","Łódź","Bałuty","Gdyńska","3-16a, 38","Łódź","Łódź","łódzkie"
"91-493","Łódź","Bałuty","Światowida","","Łódź","Łódź","łódzkie"
"93-432","Łódź","Górna","Okrężna","","Łódź","Łódź","łódzkie"
"91-074","Łódź","Polesie","Srebrzyńska","1-23(n), 2-14(p)","Łódź","Łódź","łódzkie"
"(adsbygoogle = window.adsbygoogle || []).push({});"
"90-539","Łódź","Polesie","Żwirki Franciszka (Kapitana Pilota Franciszka Żwirki)","17-DK(n), 36-DK(p)","Łódź","Łódź","łódzkie"
"91-409","Łódź","Śródmieście","Pomorska","66-92(p)","Łódź","Łódź","łódzkie"
"93-648","Łódź","Górna","Czołowa","","Łódź","Łódź","łódzkie"
"93-515","Łódź","Górna","Krakusa","","Łódź","Łódź","łódzkie"
"94-107","Łódź","Polesie","Hufcowa","","Łódź","Łódź","łódzkie"
"92-340","Łódź","Widzew","Bodo Eugeniusza","","Łódź","Łódź","łódzkie"
"92-720","Łódź","Widzew","Jugosłowiańska","","Łódź","Łódź","łódzkie"
"91-167","Łódź","Bałuty","Geodezyjna","","Łódź","Łódź","łódzkie"
"91-512","Łódź","Bałuty","Świetlików","","Łódź","Łódź","łódzkie"
"93-451","Łódź","Górna","Oksywie","","Łódź","Łódź","łódzkie"
"(adsbygoogle = window.adsbygoogle || []).push({});"
"94-209","Łódź","Polesie","Srebrzyńska","28, 73-89(n)","Łódź","Łódź","łódzkie"
"90-355","Łódź","Śródmieście","Abramowskiego Edwarda","","Łódź","Łódź","łódzkie"
"90-224","Łódź","Śródmieście","Pomorska","67-89(n)","Łódź","Łódź","łódzkie"
"93-359","Łódź","Górna","Czynna","","Łódź","Łódź","łódzkie"
"93-015","Łódź","Górna","Krasickiego Janka","","Łódź","Łódź","łódzkie"
"94-252","Łódź","Polesie","Inowrocławska","70-DK(p)","Łódź","Łódź","łódzkie"
"92-416","Łódź","Widzew","Bolesława Krzywoustego","","Łódź","Łódź","łódzkie"
"92-008","Łódź","Widzew","Juhasowa","","Łódź","Łódź","łódzkie"
"91-457","Łódź","Bałuty","Gęsia","","Łódź","Łódź","łódzkie"
"91-605","Łódź","Bałuty","Taczanowskiego Edmunda","","Łódź","Łódź","łódzkie"
"(adsbygoogle = window.adsbygoogle || []).push({});"
"93-411","Łódź","Górna","Opiekuńcza","","Łódź","Łódź","łódzkie"
"94-203","Łódź","Polesie","Srebrzyńska","38-42(p), 91-111(n)","Łódź","Łódź","łódzkie"
"90-238","Łódź","Śródmieście","Banacha Stefana","11-DK(n), 20-DK(p)","Łódź","Łódź","łódzkie"
"91-402","Łódź","Śródmieście","Pomorska","94-112(p)","Łódź","Łódź","łódzkie"
"93-633","Łódź","Górna","Czyżewskiego 'Juliana' Ludwika (Generała Ludwika Czyżewskiego 'Juliana')","","Łódź","Łódź","łódzkie"
"93-515","Łódź","Górna","Krośnieńska","","Łódź","Łódź","łódzkie"
"94-316","Łódź","Polesie","Jagodnica","","Łódź","Łódź","łódzkie"
"92-635","Łódź","Widzew","Bolesławów","","Łódź","Łódź","łódzkie"
"92-436","Łódź","Widzew","Juranda ze Spychowa","","Łódź","Łódź","łódzkie"
"91-849","Łódź","Bałuty","Gibalskiego Edwarda","","Łódź","Łódź","łódzkie"
"(adsbygoogle = window.adsbygoogle || []).push({});"
"91-506","Łódź","Bałuty","Tajnego Nauczania","","Łódź","Łódź","łódzkie"
"93-356","Łódź","Górna","Opoczyńska","","Łódź","Łódź","łódzkie"
"91-087","Łódź","Polesie","Srebrzyńska","53-69(n)","Łódź","Łódź","łódzkie"
"90-303","Łódź","Śródmieście","Brzeźna","","Łódź","Łódź","łódzkie"
"91-425","Łódź","Śródmieście","Północna","32-DK(p), 35-DK(n)","Łódź","Łódź","łódzkie"
"93-348","Łódź","Górna","Daleka","","Łódź","Łódź","łódzkie"
"93-185","Łódź","Górna","Krucza","","Łódź","Łódź","łódzkie"
"93-570","Łódź","Polesie","Jana Pawła II Al.","","Łódź","Łódź","łódzkie"
"92-738","Łódź","Widzew","Bratkowa","","Łódź","Łódź","łódzkie"
"92-408","Łódź","Widzew","Kaczmarka Romana","","Łódź","Łódź","łódzkie"
"(adsbygoogle = window.adsbygoogle || []).push({});"
"91-232","Łódź","Bałuty","Glebowa","","Łódź","Łódź","łódzkie"
"91-363","Łódź","Bałuty","Tarninowa","","Łódź","Łódź","łódzkie"
"93-238","Łódź","Górna","Oppmana Artura","","Łódź","Łódź","łódzkie"
"90-513","Łódź","Polesie","Struga Andrzeja","26","Łódź","Łódź","łódzkie"
"90-249","Łódź","Śródmieście","Dąbrowskiego Henryka Pl. (Generała Henryka Dąbrowskiego)","","Łódź","Łódź","łódzkie"
"90-404","Łódź","Śródmieście","Próchnika Adama","2-16(p)","Łódź","Łódź","łódzkie"
"93-137","Łódź","Górna","Dąbrowskiego Jarosława (Generała Jarosława Dąbrowskiego)","10-34(p)","Łódź","Łódź","łódzkie"
"93-138","Łódź","Górna","Krzywa","","Łódź","Łódź","łódzkie"
"94-204","Łódź","Polesie","Jarzynowa","","Łódź","Łódź","łódzkie"
"91-604","Łódź","Widzew","Brylantowa","","Łódź","Łódź","łódzkie"
"(adsbygoogle = window.adsbygoogle || []).push({});"
"92-116","Łódź","Widzew","Kalatówki","","Łódź","Łódź","łódzkie"
"91-336","Łódź","Bałuty","Gliniana","","Łódź","Łódź","łódzkie"
"91-495","Łódź","Bałuty","Tatarakowa","","Łódź","Łódź","łódzkie"
"93-505","Łódź","Górna","Ordona Juliusza","","Łódź","Łódź","łódzkie"
"90-501","Łódź","Polesie","Struga Andrzeja","30-44(p)","Łódź","Łódź","łódzkie"
"90-019","Łódź","Śródmieście","Dowborczyków","","Łódź","Łódź","łódzkie"
"90-452","Łódź","Śródmieście","Radwańska","1-19(n)","Łódź","Łódź","łódzkie"
"93-173","Łódź","Górna","Dąbrowskiego Jarosława (Generała Jarosława Dąbrowskiego)","1-11(n), 2-8(p)","Łódź","Łódź","łódzkie"
"93-402","Łódź","Górna","Krzywoń Anieli","","Łódź","Łódź","łódzkie"
"94-118","Łódź","Polesie","Jasia i Małgosi","","Łódź","Łódź","łódzkie"
"(adsbygoogle = window.adsbygoogle || []).push({});"
"93-219","Łódź","Widzew","Brzechwy Jana","","Łódź","Łódź","łódzkie"
"92-781","Łódź","Widzew","Kasprowicza Jana","","Łódź","Łódź","łódzkie"
"91-474","Łódź","Bałuty","Głogowa","1-13","Łódź","Łódź","łódzkie"
"91-728","Łódź","Bałuty","Telefoniczna","1-23(n), 2-28(p)","Łódź","Łódź","łódzkie"
"93-233","Łódź","Górna","Ordonówny Hanki","","Łódź","Łódź","łódzkie"
"90-640","Łódź","Polesie","Struga Andrzeja","45-55(n)","Łódź","Łódź","łódzkie"
"90-508","Łódź","Śródmieście","Gdańska","106-114(p)","Łódź","Łódź","łódzkie"
"90-207","Łódź","Śródmieście","Rewolucji 1905 R.","16-32(p)","Łódź","Łódź","łódzkie"
"93-277","Łódź","Górna","Dąbrowskiego Jarosława (Generała Jarosława Dąbrowskiego)","36-46a(p)","Łódź","Łódź","łódzkie"
"93-450","Łódź","Górna","Ksawerowska","","Łódź","Łódź","łódzkie"
"(adsbygoogle = window.adsbygoogle || []).push({});"
"94-202","Łódź","Polesie","Jęczmienna","","Łódź","Łódź","łódzkie"
"92-703","Łódź","Widzew","Brzezińska","133-243(n), 156-282(p)","Łódź","Łódź","łódzkie"
"92-414","Łódź","Widzew","Kazimierza Odnowiciela","","Łódź","Łódź","łódzkie"
"91-479","Łódź","Bałuty","Głogowa","14-DK","Łódź","Łódź","łódzkie"
"91-164","Łódź","Bałuty","Telewizyjna","","Łódź","Łódź","łódzkie"
"93-468","Łódź","Górna","Ostowa","","Łódź","Łódź","łódzkie"
"90-567","Łódź","Polesie","Struga Andrzeja","46-64(p)","Łódź","Łódź","łódzkie"
"90-261","Łódź","Śródmieście","Jaracza Stefana","11-31(n)","Łódź","Łódź","łódzkie"
"90-214","Łódź","Śródmieście","Rewolucji 1905 R.","33-43(n)","Łódź","Łódź","łódzkie"
"93-208","Łódź","Górna","Dąbrowskiego Jarosława (Generała Jarosława Dąbrowskiego)","50-64(p), 113","Łódź","Łódź","łódzkie"
"(adsbygoogle = window.adsbygoogle || []).push({});"
"93-331","Łódź","Górna","Kurczaki","38-DK(p), 41-DK(n)","Łódź","Łódź","łódzkie"
"94-313","Łódź","Polesie","""Juszczakiewicza Kornika Stanisława (Pułkownika Stanisława Juszczakiewicza """"Kornika"""")""","","Łódź","Łódź","łódzkie"
"92-103","Łódź","Widzew","Brzezińska","1-41(n), 2-48(p)","Łódź","Łódź","łódzkie"
"90-353","Łódź","Widzew","Kilińskiego Jana","177","Łódź","Łódź","łódzkie"
"91-734","Łódź","Bałuty","Głowackiego Wojciecha","","Łódź","Łódź","łódzkie"
"91-502","Łódź","Bałuty","Tęczowa","","Łódź","Łódź","łódzkie"
"93-490","Łódź","Górna","Pabianicka","119/131-177(n)","Łódź","Łódź","łódzkie"
"90-648","Łódź","Polesie","Struga Andrzeja","57-65(n)","Łódź","Łódź","łódzkie"
"90-262","Łódź","Śródmieście","Jaracza Stefana","12-34(p)","Łódź","Łódź","łódzkie"
"90-213","Łódź","Śródmieście","Rewolucji 1905 R.","34-52(p)","Łódź","Łódź","łódzkie"
"(adsbygoogle = window.adsbygoogle || []).push({});"
"93-271","Łódź","Górna","Dąbrowskiego Jarosława (Generała Jarosława Dąbrowskiego)","59-89(n)","Łódź","Łódź","łódzkie"
"93-485","Łódź","Górna","Kutnowska","","Łódź","Łódź","łódzkie"
"94-324","Łódź","Polesie","Kadetów","","Łódź","Łódź","łódzkie"
"92-772","Łódź","Widzew","Kokosowa","","Łódź","Łódź","łódzkie"
"91-046","Łódź","Bałuty","Gnieźnieńska","1-7(n), 2-DK(p)","Łódź","Łódź","łódzkie"
"91-182","Łódź","Bałuty","Toeplitza Jerzego","","Łódź","Łódź","łódzkie"
"93-036","Łódź","Górna","Pabianicka","1-21(n), 4-24(p)","Łódź","Łódź","łódzkie"
"90-557","Łódź","Polesie","Struga Andrzeja","66-DK(p)","Łódź","Łódź","łódzkie"
"90-259","Łódź","Śródmieście","Jaracza Stefana","33-35(n)","Łódź","Łódź","łódzkie"
"90-221","Łódź","Śródmieście","Rewolucji 1905 R.","61-71(n)","Łódź","Łódź","łódzkie"
"(adsbygoogle = window.adsbygoogle || []).push({});"
"93-202","Łódź","Górna","Dąbrowskiego Jarosława (Generała Jarosława Dąbrowskiego)","91-111(n)","Łódź","Łódź","łódzkie"
"93-459","Łódź","Górna","Kuźnicka","","Łódź","Łódź","łódzkie"
"90-560","Łódź","Polesie","Karolewska","1-41(n)","Łódź","Łódź","łódzkie"
"90-032","Łódź","Widzew","Kopcińskiego Stefana (Doktora Stefana Kopcińskiego)","51-71(n), 52-54(p)","Łódź","Łódź","łódzkie"
"91-463","Łódź","Bałuty","Goplańska","","Łódź","Łódź","łódzkie"
"91-450","Łódź","Bałuty","Tokarska","","Łódź","Łódź","łódzkie"
"93-402","Łódź","Górna","Pabianicka","184-222(p)","Łódź","Łódź","łódzkie"
"94-014","Łódź","Polesie","Sympatyczna","","Łódź","Łódź","łódzkie"
"90-249","Łódź","Śródmieście","Jaracza Stefana","45-49(n), 50-60(p)","Łódź","Łódź","łódzkie"
"90-226","Łódź","Śródmieście","Rewolucji 1905 R.","73-DK(n), 88-DK(p)","Łódź","Łódź","łódzkie"
"(adsbygoogle = window.adsbygoogle || []).push({});"
"93-473","Łódź","Górna","Deltowa","","Łódź","Łódź","łódzkie"
"93-443","Łódź","Górna","Laskowa","","Łódź","Łódź","łódzkie"
"90-561","Łódź","Polesie","Karolewska","2-44(p)","Łódź","Łódź","łódzkie"
"90-033","Łódź","Widzew","Kopcińskiego Stefana (Doktora Stefana Kopcińskiego)","72-DK","Łódź","Łódź","łódzkie"
"91-030","Łódź","Bałuty","Gorzowska","","Łódź","Łódź","łódzkie"
"91-842","Łódź","Bałuty","Tokarzewskiego Michała (Generała Michała Tokarzewskiego)","1-21, 22-DK(p), 25a-51(n)","Łódź","Łódź","łódzkie"
"93-029","Łódź","Górna","Pabianicka","2","Łódź","Łódź","łódzkie"
"94-233","Łódź","Polesie","Szańcowa","","Łódź","Łódź","łódzkie"
"90-251","Łódź","Śródmieście","Jaracza Stefana","51-69(n), 62-76(p)","Łódź","Łódź","łódzkie"
"91-404","Łódź","Śródmieście","Rodzeństwa Fibaków","","Łódź","Łódź","łódzkie"
"(adsbygoogle = window.adsbygoogle || []).push({});"
"93-404","Łódź","Górna","Demokratyczna","1-11(n), 4-12(p)","Łódź","Łódź","łódzkie"
"93-479","Łódź","Górna","Lazurowa","","Łódź","Łódź","łódzkie"
"94-023","Łódź","Polesie","Karolewska","46-DK(p), 53-DK(n)","Łódź","Łódź","łódzkie"
"92-111","Łódź","Widzew","Krasińskiego Zygmunta","","Łódź","Łódź","łódzkie"
"91-520","Łódź","Bałuty","Gotycka","","Łódź","Łódź","łódzkie"
"91-812","Łódź","Bałuty","Tokarzewskiego Michała (Generała Michała Tokarzewskiego)","53-DK(n)","Łódź","Łódź","łódzkie"
"93-454","Łódź","Górna","Pabianicka","257-277(n)","Łódź","Łódź","łódzkie"
"94-402","Łódź","Polesie","Szarych Szeregów","","Łódź","Łódź","łódzkie"
"90-243","Łódź","Śródmieście","Jaracza Stefana","71-75(n), 78-86(p)","Łódź","Łódź","łódzkie"
"90-436","Łódź","Śródmieście","Rynkowskiej Anny Al.","","Łódź","Łódź","łódzkie"
"(adsbygoogle = window.adsbygoogle || []).push({});"
"93-467","Łódź","Górna","Denna","69-DK","Łódź","Łódź","łódzkie"
"93-173","Łódź","Górna","Lecznicza","","Łódź","Łódź","łódzkie"
"91-078","Łódź","Polesie","Kasprzaka Marcina","1-7(n), 10-64a","Łódź","Łódź","łódzkie"
"92-220","Łódź","Widzew","Kresowa","","Łódź","Łódź","łódzkie"
"91-502","Łódź","Bałuty","Góralska","","Łódź","Łódź","łódzkie"
"91-218","Łódź","Bałuty","Traktorowa","192-202(p)","Łódź","Łódź","łódzkie"
"93-530","Łódź","Górna","Paderewskiego Ignacego","1-19(n)","Łódź","Łódź","łódzkie"
"94-414","Łódź","Polesie","Szczecińska","1-11(n)","Łódź","Łódź","łódzkie"
"90-244","Łódź","Śródmieście","Jaracza Stefana","77-97(n), 88-110(p)","Łódź","Łódź","łódzkie"
"90-007","Łódź","Śródmieście","Schillera Leona Al.","","Łódź","Łódź","łódzkie"
"(adsbygoogle = window.adsbygoogle || []).push({});"
"93-267","Łódź","Górna","Deotymy","1-7(n)","Łódź","Łódź","łódzkie"
"93-166","Łódź","Górna","Lelewela Joachima","","Łódź","Łódź","łódzkie"
"91-083","Łódź","Polesie","Kasprzaka Marcina","2-8(p), 9","Łódź","Łódź","łódzkie"
"92-006","Łódź","Widzew","Krokiew","","Łódź","Łódź","łódzkie"
"91-705","Łódź","Bałuty","Górnicza","41-47(n)","Łódź","Łódź","łódzkie"
"91-117","Łódź","Bałuty","Traktorowa","33-57(n)","Łódź","Łódź","łódzkie"
"93-025","Łódź","Górna","Paderewskiego Ignacego","24-DK(p), 53-DK(n)","Łódź","Łódź","łódzkie"
"94-225","Łódź","Polesie","Szeregowa","","Łódź","Łódź","łódzkie"
"90-231","Łódź","Śródmieście","Jaracza Stefana","99-DK(n), 112-DK(p)","Łódź","Łódź","łódzkie"
"90-363","Łódź","Śródmieście","Sienkiewicza Henryka","108-DK(p), 159-DK(n)","Łódź","Łódź","łódzkie"
"(adsbygoogle = window.adsbygoogle || []).push({});"
"93-446","Łódź","Górna","Długa","","Łódź","Łódź","łódzkie"
"93-143","Łódź","Górna","Lenartowicza Teofila Aleksandra","","Łódź","Łódź","łódzkie"
"94-260","Łódź","Polesie","Kawaleryjska","","Łódź","Łódź","łódzkie"
"90-345","Łódź","Widzew","Księży Młyn","","Łódź","Łódź","łódzkie"
"91-140","Łódź","Bałuty","Grabieniec","13-15(n)","Łódź","Łódź","łódzkie"
"91-148","Łódź","Bałuty","Traktorowa","92-96(p)","Łódź","Łódź","łódzkie"
"93-411","Łódź","Górna","Panoramiczna","","Łódź","Łódź","łódzkie"
"94-290","Łódź","Polesie","Szlachetna","","Łódź","Łódź","łódzkie"
"90-229","Łódź","Śródmieście","Kamińskiego Aleksandra (Harcmistrza Aleksandra Kamińskiego)","10-24(p), 13-25(n)","Łódź","Łódź","łódzkie"
"90-009","Łódź","Śródmieście","Sienkiewicza Henryka","38-50(p), 43-67(n)","Łódź","Łódź","łódzkie"
"(adsbygoogle = window.adsbygoogle || []).push({});"
"93-429","Łódź","Górna","Dodatnia","","Łódź","Łódź","łódzkie"
"93-486","Łódź","Górna","Leszczowa","","Łódź","Łódź","łódzkie"
"94-330","Łódź","Polesie","Kirasjerów","","Łódź","Łódź","łódzkie"
"92-616","Łódź","Widzew","Kupały","","Łódź","Łódź","łódzkie"
"91-054","Łódź","Bałuty","Graficzna","","Łódź","Łódź","łódzkie"
"91-504","Łódź","Bałuty","Kogucia","13-DK","Łódź","Łódź","łódzkie"
"91-364","Łódź","Bałuty","Trawiasta","","Łódź","Łódź","łódzkie"
"93-427","Łódź","Górna","Pańska","","Łódź","Łódź","łódzkie"
"94-278","Łódź","Polesie","Szwadronowa","","Łódź","Łódź","łódzkie"
"91-427","Łódź","Śródmieście","Kamińskiego Aleksandra (Harcmistrza Aleksandra Kamińskiego)","1-11(n), 2-8(p)","Łódź","Łódź","łódzkie"
"(adsbygoogle = window.adsbygoogle || []).push({});"
"90-057","Łódź","Śródmieście","Sienkiewicza Henryka","69-95(n)","Łódź","Łódź","łódzkie"
"93-442","Łódź","Górna","Dolina Szwajcarska","","Łódź","Łódź","łódzkie"
"93-347","Łódź","Górna","Leszczyńskiej Stanisławy","","Łódź","Łódź","łódzkie"
"94-131","Łódź","Polesie","Kolarska","1-191(n), 2-DK(p)","Łódź","Łódź","łódzkie"
"92-017","Łódź","Widzew","Lawinowa","1-21(n), 2-8(p)","Łódź","Łódź","łódzkie"
"91-335","Łódź","Bałuty","Grunwaldzka","1-29(n), 4-30(p)","Łódź","Łódź","łódzkie"
"91-810","Łódź","Bałuty","Kolektywna","","Łódź","Łódź","łódzkie"
"91-474","Łódź","Bałuty","Trenknera Henryka (Doktora Henryka Trenknera)","1-36","Łódź","Łódź","łódzkie"
"93-624","Łódź","Górna","Paprociowa","","Łódź","Łódź","łódzkie"
"94-268","Łódź","Polesie","Szwoleżerów","","Łódź","Łódź","łódzkie"
"(adsbygoogle = window.adsbygoogle || []).push({});"
"90-220","Łódź","Śródmieście","Kamińskiego Aleksandra (Harcmistrza Aleksandra Kamińskiego)","26-34(p)","Łódź","Łódź","łódzkie"
"90-357","Łódź","Śródmieście","Sienkiewicza Henryka","88-106(p)","Łódź","Łódź","łódzkie"
"93-460","Łódź","Górna","Dorszowa","","Łódź","Łódź","łódzkie"
"93-441","Łódź","Górna","Letniskowa","","Łódź","Łódź","łódzkie"
"94-233","Łódź","Polesie","Komandosów","","Łódź","Łódź","łódzkie"
"92-229","Łódź","Widzew","Lawinowa","23-35(n)","Łódź","Łódź","łódzkie"
"91-337","Łódź","Bałuty","Grunwaldzka","32-48(p), 33-81(n)","Łódź","Łódź","łódzkie"
"91-046","Łódź","Bałuty","Kołodziejska","","Łódź","Łódź","łódzkie"
"91-475","Łódź","Bałuty","Trenknera Henryka (Doktora Henryka Trenknera)","37-DK","Łódź","Łódź","łódzkie"
"93-360","Łódź","Górna","Paradna","61-DK(n), 70-DK(p)","Łódź","Łódź","łódzkie"
"(adsbygoogle = window.adsbygoogle || []).push({});"
"94-301","Łódź","Polesie","Tarnowska","","Łódź","Łódź","łódzkie"
"90-219","Łódź","Śródmieście","Kamińskiego Aleksandra (Harcmistrza Aleksandra Kamińskiego)","27-DK(n)","Łódź","Łódź","łódzkie"
"90-127","Łódź","Śródmieście","Składowa","","Łódź","Łódź","łódzkie"
"93-231","Łódź","Górna","Dostawcza","","Łódź","Łódź","łódzkie"
"93-480","Łódź","Górna","Libijska","","Łódź","Łódź","łódzkie"
"94-311","Łódź","Polesie","Konstantynowska","46-DK(p), 73-DK(n)","Łódź","Łódź","łódzkie"
"92-227","Łódź","Widzew","Lewarowa","","Łódź","Łódź","łódzkie"
"91-230","Łódź","Bałuty","Hektarowa","","Łódź","Łódź","łódzkie"
"91-310","Łódź","Bałuty","Kominiarska","","Łódź","Łódź","łódzkie"
"91-356","Łódź","Bałuty","Truskawkowa","","Łódź","Łódź","łódzkie"
"(adsbygoogle = window.adsbygoogle || []).push({});"
"93-434","Łódź","Górna","Pasjansowa","","Łódź","Łódź","łódzkie"
"94-218","Łódź","Polesie","Tobruk","11-DK(n)","Łódź","Łódź","łódzkie"
"90-316","Łódź","Śródmieście","Kilińskiego Jana","134-142(p)","Łódź","Łódź","łódzkie"
"90-458","Łódź","Śródmieście","Skorupki Ignacego (Księdza Harcmistrza Ignacego Skorupki)","1-13(n), 2-4(p)","Łódź","Łódź","łódzkie"
"93-491","Łódź","Górna","Dubois Stanisława","2-21","Łódź","Łódź","łódzkie"
"93-232","Łódź","Górna","Lodowa","80-DK(p), 85-107(n)","Łódź","Łódź","łódzkie"
"90-545","Łódź","Polesie","Kopernika Mikołaja","25-27(n), 28-34(p)","Łódź","Łódź","łódzkie"
"92-015","Łódź","Widzew","Limbowa","","Łódź","Łódź","łódzkie"
"91-366","Łódź","Bałuty","Helenówek","","Łódź","Łódź","łódzkie"
"91-806","Łódź","Bałuty","Komunardów","","Łódź","Łódź","łódzkie"
"(adsbygoogle = window.adsbygoogle || []).push({});"
"91-615","Łódź","Bałuty","Turystyczna","","Łódź","Łódź","łódzkie"
"93-452","Łódź","Górna","Patriotyczna","","Łódź","Łódź","łódzkie"
"94-265","Łódź","Polesie","Ułańska","","Łódź","Łódź","łódzkie"
"90-322","Łódź","Śródmieście","Kilińskiego Jana","144-168(p)","Łódź","Łódź","łódzkie"
"91-423","Łódź","Śródmieście","Solna","","Łódź","Łódź","łódzkie"
"93-465","Łódź","Górna","Dubois Stanisława","76-108(p), 79-115(n)","Łódź","Łódź","łódzkie"
"93-021","Łódź","Górna","Lokatorska","1-DK(n)","Łódź","Łódź","łódzkie"
"94-120","Łódź","Polesie","Korsarska","","Łódź","Łódź","łódzkie"
"92-006","Łódź","Widzew","Listopadowa","54-DK(p)","Łódź","Łódź","łódzkie"
"91-498","Łódź","Bałuty","Helińskiego Franciszka","","Łódź","Łódź","łódzkie"
"(adsbygoogle = window.adsbygoogle || []).push({});"
"91-230","Łódź","Bałuty","Konopna","","Łódź","Łódź","łódzkie"
"91-016","Łódź","Bałuty","Tybury Stanisława","6-DK(p), 11-DK(n)","Łódź","Łódź","łódzkie"
"93-402","Łódź","Górna","Pawła","","Łódź","Łódź","łódzkie"
"94-020","Łódź","Polesie","Unii Lubelskiej Al.","2","Łódź","Łódź","łódzkie"
"90-353","Łódź","Śródmieście","Kilińskiego Jana","165-169(n)","Łódź","Łódź","łódzkie"
"91-425","Łódź","Śródmieście","Sterlinga Seweryna (Doktora Seweryna Sterlinga)","1-9","Łódź","Łódź","łódzkie"
"93-430","Łódź","Górna","Duetowa","","Łódź","Łódź","łódzkie"
"93-024","Łódź","Górna","Lokatorska","2-12(p)","Łódź","Łódź","łódzkie"
"94-012","Łódź","Polesie","Kozietulskiego Jana (Pułkownika Jana Kozietulskiego)","","Łódź","Łódź","łódzkie"
"92-214","Łódź","Widzew","Ludwika","","Łódź","Łódź","łódzkie"
"(adsbygoogle = window.adsbygoogle || []).push({});"
"91-324","Łódź","Bałuty","Hipoteczna","21-DK","Łódź","Łódź","łódzkie"
"91-859","Łódź","Bałuty","Konwaliowa","","Łódź","Łódź","łódzkie"
"91-223","Łódź","Bałuty","Tytoniowa","","Łódź","Łódź","łódzkie"
"93-562","Łódź","Górna","Piasta","","Łódź","Łódź","łódzkie"
"94-208","Łódź","Polesie","Unii Lubelskiej Al.","4-DK(p), 15","Łódź","Łódź","łódzkie"
"90-253","Łódź","Śródmieście","Kilińskiego Jana","24-38(p)","Łódź","Łódź","łódzkie"
"90-426","Łódź","Śródmieście","Struga Andrzeja","2-10(p)","Łódź","Łódź","łódzkie"
"93-451","Łódź","Górna","Działowa","","Łódź","Łódź","łódzkie"
"93-467","Łódź","Górna","Lotnicza","","Łódź","Łódź","łódzkie"
"94-030","Łódź","Polesie","Krzemieniecka","2","Łódź","Łódź","łódzkie"
"(adsbygoogle = window.adsbygoogle || []).push({});"
"92-418","Łódź","Widzew","Łokietkówny Elżbiety","","Łódź","Łódź","łódzkie"
"91-335","Łódź","Bałuty","Hipoteczna","3-15(n), 4-18(p)","Łódź","Łódź","łódzkie"
"91-202","Łódź","Bałuty","Koprowa","","Łódź","Łódź","łódzkie"
"91-603","Łódź","Bałuty","Uranowa","","Łódź","Łódź","łódzkie"
"93-558","Łódź","Górna","Piękna","","Łódź","Łódź","łódzkie"
"94-291","Łódź","Polesie","Waleczna","","Łódź","Łódź","łódzkie"
"90-208","Łódź","Śródmieście","Kilińskiego Jana","27-31(n)","Łódź","Łódź","łódzkie"
"91-402","Łódź","Śródmieście","Strykowska","1-5(n)","Łódź","Łódź","łódzkie"
"93-419","Łódź","Górna","Dzwonowa","1-15(n), 2-6(p)","Łódź","Łódź","łódzkie"
"93-129","Łódź","Górna","Lubelska","","Łódź","Łódź","łódzkie"
"(adsbygoogle = window.adsbygoogle || []).push({});"
"94-216","Łódź","Polesie","Kusa","","Łódź","Łódź","łódzkie"
"92-321","Łódź","Widzew","Łosiowa","","Łódź","Łódź","łódzkie"
"91-231","Łódź","Bałuty","Hodowlana","","Łódź","Łódź","łódzkie"
"91-167","Łódź","Bałuty","Kosmiczna","","Łódź","Łódź","łódzkie"
"91-495","Łódź","Bałuty","Urocza","","Łódź","Łódź","łódzkie"
"93-469","Łódź","Górna","Pilotów","","Łódź","Łódź","łódzkie"
"94-102","Łódź","Polesie","Waltera-Janke Zygmunta Al. (Generała Zygmunta Waltera-Janke)","","Łódź","Łódź","łódzkie"
"90-256","Łódź","Śródmieście","Kilińskiego Jana","33-37(n)","Łódź","Łódź","łódzkie"
"91-404","Łódź","Śródmieście","Styrska","","Łódź","Łódź","łódzkie"
"93-429","Łódź","Górna","Dzwonowa","8-DK(p), 17-DK(n)","Łódź","Łódź","łódzkie"
"(adsbygoogle = window.adsbygoogle || []).push({});"
"93-354","Łódź","Górna","Łabędzkiego Tadeusza","","Łódź","Łódź","łódzkie"
"94-004","Łódź","Polesie","Kusocińskiego Janusza","1-21","Łódź","Łódź","łódzkie"
"93-110","Łódź","Widzew","Łowicka","","Łódź","Łódź","łódzkie"
"91-867","Łódź","Bałuty","Honorowa","","Łódź","Łódź","łódzkie"
"91-844","Łódź","Bałuty","Koszykowa","","Łódź","Łódź","łódzkie"
"91-304","Łódź","Bałuty","Urzędnicza","41-47","Łódź","Łódź","łódzkie"
"93-467","Łódź","Górna","Pilska","","Łódź","Łódź","łódzkie"
"91-087","Łódź","Polesie","Wapienna","","Łódź","Łódź","łódzkie"
"90-258","Łódź","Śródmieście","Kilińskiego Jana","40-52(p)","Łódź","Łódź","łódzkie"
"90-043","Łódź","Śródmieście","Targowa","23-43(n), 28-40(p)","Łódź","Łódź","łódzkie"
"(adsbygoogle = window.adsbygoogle || []).push({});"
"93-249","Łódź","Górna","Ejsmonda Juliana","","Łódź","Łódź","łódzkie"
"93-571","Łódź","Górna","Łaska","","Łódź","Łódź","łódzkie"
"94-119","Łódź","Polesie","Lajkonika","","Łódź","Łódź","łódzkie"
"92-434","Łódź","Widzew","Maćka z Bogdańca","","Łódź","Łódź","łódzkie"
"91-836","Łódź","Bałuty","I Dywizji Al.","","Łódź","Łódź","łódzkie"
"91-444","Łódź","Bałuty","Kościelna","1-DK(n)","Łódź","Łódź","łódzkie"
"91-614","Łódź","Bałuty","Wakacyjna","","Łódź","Łódź","łódzkie"
"93-004","Łódź","Górna","Piotrkowska","285-315(n), 290-DK(p)","Łódź","Łódź","łódzkie"
"94-215","Łódź","Polesie","Warneńska","","Łódź","Łódź","łódzkie"
"90-150","Łódź","Śródmieście","Konstytucyjna","1-7(n), 2-10(p)","Łódź","Łódź","łódzkie"
"(adsbygoogle = window.adsbygoogle || []).push({});"
"90-312","Łódź","Śródmieście","Targowa","45","Łódź","Łódź","łódzkie"
"93-459","Łódź","Górna","Elbląska","","Łódź","Łódź","łódzkie"
"93-460","Łódź","Górna","Łaskowice","1-45(n), 2-42(p)","Łódź","Łódź","łódzkie"
"94-407","Łódź","Polesie","Langiewicza Mariana","","Łódź","Łódź","łódzkie"
"92-730","Łódź","Widzew","Maltańska","","Łódź","Łódź","łódzkie"
"91-857","Łódź","Bałuty","Inflancka","1-17(n), 2-40(p)","Łódź","Łódź","łódzkie"
"91-163","Łódź","Bałuty","Kotarbińskiego Tadeusza (Profesora Tadeusza Kotarbińskiego)","","Łódź","Łódź","łódzkie"
"91-203","Łódź","Bałuty","Warecka","35-DK","Łódź","Łódź","łódzkie"
"93-427","Łódź","Górna","Piwowarska","","Łódź","Łódź","łódzkie"
"91-075","Łódź","Polesie","Waryńskiego Ludwika","","Łódź","Łódź","łódzkie"
"(adsbygoogle = window.adsbygoogle || []).push({});"
"90-155","Łódź","Śródmieście","Konstytucyjna","9-45(n), 12-40(p)","Łódź","Łódź","łódzkie"
"90-324","Łódź","Śródmieście","Targowa","65","Łódź","Łódź","łódzkie"
"93-482","Łódź","Górna","Eleonory","","Łódź","Łódź","łódzkie"
"93-469","Łódź","Górna","Łaskowice","44-DK(p), 47-DK(n)","Łódź","Łódź","łódzkie"
"90-764","Łódź","Polesie","Legionów","102-DK(p)","Łódź","Łódź","łódzkie"
"92-777","Łódź","Widzew","Mandarynkowa","","Łódź","Łódź","łódzkie"
"91-852","Łódź","Bałuty","Inflancka","19-35(n)","Łódź","Łódź","łódzkie"
"91-233","Łódź","Bałuty","Kozia","","Łódź","Łódź","łódzkie"
"91-859","Łódź","Bałuty","Warszawska","1-61(n)","Łódź","Łódź","łódzkie"
"93-428","Łódź","Górna","Plastyczna","","Łódź","Łódź","łódzkie"
"(adsbygoogle = window.adsbygoogle || []).push({});"
"94-283","Łódź","Polesie","Wielkanocna","","Łódź","Łódź","łódzkie"
"90-242","Łódź","Śródmieście","Kopcińskiego Stefana (Doktora Stefana Kopcińskiego)","1-27(n)","Łódź","Łódź","łódzkie"
"90-042","Łódź","Śródmieście","Targowa","7-21(n), 12-26(p)","Łódź","Łódź","łódzkie"
"93-633","Łódź","Górna","Elewatorowa","","Łódź","Łódź","łódzkie"
"93-019","Łódź","Górna","Łączna","1-21, 22-26(p)","Łódź","Łódź","łódzkie"
"90-702","Łódź","Polesie","Legionów","34-52(p)","Łódź","Łódź","łódzkie"
"92-517","Łódź","Widzew","Manewrowa","","Łódź","Łódź","łódzkie"
"91-848","Łódź","Bałuty","Inflancka","37-DK(n), 42-DK(p)","Łódź","Łódź","łódzkie"
"91-836","Łódź","Bałuty","Krawiecka","","Łódź","Łódź","łódzkie"
"91-862","Łódź","Bałuty","Warszawska","2-74(p)","Łódź","Łódź","łódzkie"
"(adsbygoogle = window.adsbygoogle || []).push({});"
"93-430","Łódź","Górna","Plenerowa","","Łódź","Łódź","łódzkie"
"90-721","Łódź","Polesie","Więckowskiego Stanisława","13-19(n)","Łódź","Łódź","łódzkie"
"90-154","Łódź","Śródmieście","Kopcińskiego Stefana (Doktora Stefana Kopcińskiego)","24-50(p)","Łódź","Łódź","łódzkie"
"90-156","Łódź","Śródmieście","Tkacka","1-35(n), 2-42(p)","Łódź","Łódź","łódzkie"
"93-586","Łódź","Górna","Energetyków","","Łódź","Łódź","łódzkie"
"93-166","Łódź","Górna","Łączna","23-DK(n), 28-DK(p)","Łódź","Łódź","łódzkie"
"90-703","Łódź","Polesie","Legionów","54-72(p)","Łódź","Łódź","łódzkie"
"92-304","Łódź","Widzew","Maszynowa","","Łódź","Łódź","łódzkie"
"91-857","Łódź","Bałuty","Irysowa","","Łódź","Łódź","łódzkie"
"91-035","Łódź","Bałuty","Krotoszyńska","","Łódź","Łódź","łódzkie"
"(adsbygoogle = window.adsbygoogle || []).push({});"
"91-503","Łódź","Bałuty","Warszawska","63-99(n), 76-DK(p)","Łódź","Łódź","łódzkie"
"93-328","Łódź","Górna","Płaska","","Łódź","Łódź","łódzkie"
"90-722","Łódź","Polesie","Więckowskiego Stanisława","2-20(p)","Łódź","Łódź","łódzkie"
"90-142","Łódź","Śródmieście","Kopcińskiego Stefana (Doktora Stefana Kopcińskiego)","29-31a(n)","Łódź","Łódź","łódzkie"
"90-157","Łódź","Śródmieście","Tkacka","37-DK(n), 44-DK(p)","Łódź","Łódź","łódzkie"
"93-487","Łódź","Górna","Eugeniusza","","Łódź","Łódź","łódzkie"
"93-193","Łódź","Górna","Łęczycka","1-DK(n), 32-DK(p)","Łódź","Łódź","łódzkie"
"91-072","Łódź","Polesie","Legionów","81-101(n)","Łódź","Łódź","łódzkie"
"92-215","Łódź","Widzew","Mazowiecka","1-37(n), 2-20(p)","Łódź","Łódź","łódzkie"
"91-225","Łódź","Bałuty","Jaglana","","Łódź","Łódź","łódzkie"
"(adsbygoogle = window.adsbygoogle || []).push({});"
"91-058","Łódź","Bałuty","Krótka","","Łódź","Łódź","łódzkie"
"91-231","Łódź","Bałuty","Warzywna","","Łódź","Łódź","łódzkie"
"93-345","Łódź","Górna","Płynna","","Łódź","Łódź","łódzkie"
"90-767","Łódź","Polesie","Więckowskiego Stanisława (Pułkownika Doktora Stanisława Więckowskiego)","142-144(p)","Łódź","Łódź","łódzkie"
"90-032","Łódź","Śródmieście","Kopcińskiego Stefana (Doktora Stefana Kopcińskiego)","56-70(p)","Łódź","Łódź","łódzkie"
"90-132","Łódź","Śródmieście","Tramwajowa","","Łódź","Łódź","łódzkie"
"93-494","Łódź","Górna","Familijna","","Łódź","Łódź","łódzkie"
"93-109","Łódź","Górna","Łęczycka","2-30(p)","Łódź","Łódź","łódzkie"
"90-763","Łódź","Polesie","Legionów","88-100(p)","Łódź","Łódź","łódzkie"
"92-221","Łódź","Widzew","Mazowiecka","22-DK(p), 39-DK(n)","Łódź","Łódź","łódzkie"
"(adsbygoogle = window.adsbygoogle || []).push({});"
"91-120","Łódź","Bałuty","Jagny","","Łódź","Łódź","łódzkie"
"91-356","Łódź","Bałuty","Kruszynowa","","Łódź","Łódź","łódzkie"
"91-305","Łódź","Bałuty","Wąska","","Łódź","Łódź","łódzkie"
"93-371","Łódź","Górna","Płytka","","Łódź","Łódź","łódzkie"
"90-727","Łódź","Polesie","Więckowskiego Stanisława (Pułkownika Doktora Stanisława Więckowskiego)","21-31(n)","Łódź","Łódź","łódzkie"
"90-457","Łódź","Śródmieście","Kostki Stanisława (Świętego Stanisława Kostki)","","Łódź","Łódź","łódzkie"
"90-107","Łódź","Śródmieście","Traugutta Romualda (Generała Romualda Traugutta)","2-14(p)","Łódź","Łódź","łódzkie"
"93-448","Łódź","Górna","Farna","","Łódź","Łódź","łódzkie"
"93-176","Łódź","Górna","Łomżyńska","","Łódź","Łódź","łódzkie"
"94-232","Łódź","Polesie","Liniowa","","Łódź","Łódź","łódzkie"
"(adsbygoogle = window.adsbygoogle || []).push({});"
"92-419","Łódź","Widzew","Mazowieckiego Janusza (Księcia Janusza Mazowieckiego)","","Łódź","Łódź","łódzkie"
"91-430","Łódź","Bałuty","Jakuba","","Łódź","Łódź","łódzkie"
"91-219","Łódź","Bałuty","Krynicka","","Łódź","Łódź","łódzkie"
"91-615","Łódź","Bałuty","Wczasowa","","Łódź","Łódź","łódzkie"
"93-272","Łódź","Górna","Podgórna","35-DK","Łódź","Łódź","łódzkie"
"90-728","Łódź","Polesie","Więckowskiego Stanisława (Pułkownika Doktora Stanisława Więckowskiego)","22-34(p)","Łódź","Łódź","łódzkie"
"90-451","Łódź","Śródmieście","Kościuszki Tadeusza Al.","122-DK(p)","Łódź","Łódź","łódzkie"
"90-106","Łódź","Śródmieście","Traugutta Romualda (Generała Romualda Traugutta)","3-13(n)","Łódź","Łódź","łódzkie"
"93-443","Łódź","Górna","Feliksy","","Łódź","Łódź","łódzkie"
"93-466","Łódź","Górna","Łódzka","","Łódź","Łódź","łódzkie"
"(adsbygoogle = window.adsbygoogle || []).push({});"
"90-742","Łódź","Polesie","Lipowa","1-11(n), 2-8(p)","Łódź","Łódź","łódzkie"
"92-310","Łódź","Widzew","Mechaniczna","","Łódź","Łódź","łódzkie"
"91-605","Łódź","Bałuty","Jakubowicza Wojciecha","","Łódź","Łódź","łódzkie"
"91-528","Łódź","Bałuty","Kryształowa","","Łódź","Łódź","łódzkie"
"91-203","Łódź","Bałuty","Wersalska","3-37(n), 8","Łódź","Łódź","łódzkie"
"93-438","Łódź","Górna","Podlaska","","Łódź","Łódź","łódzkie"
"90-735","Łódź","Polesie","Więckowskiego Stanisława (Pułkownika Doktora Stanisława Więckowskiego)","45-51(n), 48-64(p)","Łódź","Łódź","łódzkie"
"90-419","Łódź","Śródmieście","Kościuszki Tadeusza Al.","2-36(p)","Łódź","Łódź","łódzkie"
"90-002","Łódź","Śródmieście","Tuwima Juliana","20-38(p)","Łódź","Łódź","łódzkie"
"93-252","Łódź","Górna","Felińskiego Alojzego","1-9(n), 2-20(p)","Łódź","Łódź","łódzkie"
"(adsbygoogle = window.adsbygoogle || []).push({});"
"93-172","Łódź","Górna","Łukasińskiego Waleriana","","Łódź","Łódź","łódzkie"
"90-629","Łódź","Polesie","Lipowa","24-36(p), 29-41(n)","Łódź","Łódź","łódzkie"
"94-044","Łódź","Polesie","Przełajowa","2-DK(p)","Łódź","Łódź","łódzkie"
"92-228","Łódź","Widzew","Miechowska","","Łódź","Łódź","łódzkie"
"91-480","Łódź","Bałuty","Jałowcowa","","Łódź","Łódź","łódzkie"
"91-867","Łódź","Bałuty","Kryzysowa","","Łódź","Łódź","łódzkie"
"91-212","Łódź","Bałuty","Wersalska","39-81(n), 42-54(p)","Łódź","Łódź","łódzkie"
"93-430","Łódź","Górna","Podwale","","Łódź","Łódź","łódzkie"
"90-757","Łódź","Polesie","Więckowskiego Stanisława (Pułkownika Doktora Stanisława Więckowskiego)","73-DK(n)","Łódź","Łódź","łódzkie"
"90-514","Łódź","Śródmieście","Kościuszki Tadeusza Al.","45-65(n)","Łódź","Łódź","łódzkie"
"(adsbygoogle = window.adsbygoogle || []).push({});"
"90-020","Łódź","Śródmieście","Tuwima Juliana","27-35(n)","Łódź","Łódź","łódzkie"
"93-536","Łódź","Górna","Galileusza","","Łódź","Łódź","łódzkie"
"93-423","Łódź","Górna","Magdaleny","","Łódź","Łódź","łódzkie"
"90-630","Łódź","Polesie","Lipowa","38-64(p), 43-67(n)","Łódź","Łódź","łódzkie"
"94-262","Łódź","Polesie","Radarowa","","Łódź","Łódź","łódzkie"
"90-038","Łódź","Widzew","Miedziana","","Łódź","Łódź","łódzkie"
"91-360","Łódź","Bałuty","Jantarowa","","Łódź","Łódź","łódzkie"
"91-478","Łódź","Bałuty","Krzewowa","","Łódź","Łódź","łódzkie"
"91-498","Łódź","Bałuty","Wiankowa","","Łódź","Łódź","łódzkie"
"93-230","Łódź","Górna","Poetycka","","Łódź","Łódź","łódzkie"
"(adsbygoogle = window.adsbygoogle || []).push({});"
"90-758","Łódź","Polesie","Więckowskiego Stanisława (Pułkownika Doktora Stanisława Więckowskiego)","74-140(p)","Łódź","Łódź","łódzkie"
"90-428","Łódź","Śródmieście","Kościuszki Tadeusza Al.","52-64(p)","Łódź","Łódź","łódzkie"
"90-021","Łódź","Śródmieście","Tuwima Juliana","40-58(p)","Łódź","Łódź","łódzkie"
"93-348","Łódź","Górna","Giełdowa","","Łódź","Łódź","łódzkie"
"93-248","Łódź","Górna","Makuszyńskiego Kornela","","Łódź","Łódź","łódzkie"
"90-568","Łódź","Polesie","Lipowa","66-84(p), 69-87(n)","Łódź","Łódź","łódzkie"
"90-540","Łódź","Polesie","Radwańska","21-35(n)","Łódź","Łódź","łódzkie"
"92-607","Łódź","Widzew","Miernicza","","Łódź","Łódź","łódzkie"
"91-613","Łódź","Bałuty","Jarowa","","Łódź","Łódź","łódzkie"
"91-528","Łódź","Bałuty","Książka Antoniego","24-40(p), 29-41(n)","Łódź","Łódź","łódzkie"
"(adsbygoogle = window.adsbygoogle || []).push({});"
"91-150","Łódź","Bałuty","Wici","2-4(p)","Łódź","Łódź","łódzkie"
"93-458","Łódź","Górna","Pogorzel","","Łódź","Łódź","łódzkie"
"94-022","Łódź","Polesie","Wileńska","1-27(n)","Łódź","Łódź","łódzkie"
"90-437","Łódź","Śródmieście","Kościuszki Tadeusza Al.","72-92(p)","Łódź","Łódź","łódzkie"
"90-324","Łódź","Śródmieście","Tylna","14","Łódź","Łódź","łódzkie"
"93-482","Łódź","Górna","Gliwicka","","Łódź","Łódź","łódzkie"
"93-420","Łódź","Górna","Matowa","","Łódź","Łódź","łódzkie"
"94-003","Łódź","Polesie","Lokajskiego Eugeniusza","","Łódź","Łódź","łódzkie"
"94-409","Łódź","Polesie","Rąbieńska","102-DK(p), 115-DK(n)","Łódź","Łódź","łódzkie"
"92-415","Łódź","Widzew","Mieszka I","","Łódź","Łódź","łódzkie"
"(adsbygoogle = window.adsbygoogle || []).push({});"
"91-486","Łódź","Bałuty","Jarzębinowa","","Łódź","Łódź","łódzkie"
"91-334","Łódź","Bałuty","Kwidzyńska","","Łódź","Łódź","łódzkie"
"91-213","Łódź","Bałuty","Wici","6-28(p)","Łódź","Łódź","łódzkie"
"93-492","Łódź","Górna","Pokładowa","","Łódź","Łódź","łódzkie"
"94-011","Łódź","Polesie","Wileńska","34-60(p)","Łódź","Łódź","łódzkie"
"90-149","Łódź","Śródmieście","Krzywickiego Ludwika","","Łódź","Łódź","łódzkie"
"90-349","Łódź","Śródmieście","Tymienieckiego Wincentego (Księdza Biskupa Wincentego Tymienieckiego)","15-21(n), 22-24(p)","Łódź","Łódź","łódzkie"
"93-378","Łódź","Górna","Gładka","","Łódź","Łódź","łódzkie"
"93-149","Łódź","Górna","Mazurska","","Łódź","Łódź","łódzkie"
"90-562","Łódź","Polesie","Łąkowa","1-15(n)","Łódź","Łódź","łódzkie"
"(adsbygoogle = window.adsbygoogle || []).push({});"
"94-227","Łódź","Polesie","Rąbieńska","1-25(n), 2-32(p)","Łódź","Łódź","łódzkie"
"92-316","Łódź","Widzew","Milionowa","106","Łódź","Łódź","łódzkie"
"91-512","Łódź","Bałuty","Jaskółcza","","Łódź","Łódź","łódzkie"
"91-486","Łódź","Bałuty","Laurowa","","Łódź","Łódź","łódzkie"
"91-757","Łódź","Bałuty","Widok","","Łódź","Łódź","łódzkie"
"93-403","Łódź","Górna","Pokojowa","","Łódź","Łódź","łódzkie"
"63-820","Łódź","Łódź","","","Piaski","gostyński","wielkopolskie"
"94-039","Łódź","Polesie","Władysława Króla","2-72(p), 3-57(n)","Łódź","Łódź","łódzkie"
"91-728","Łódź","Śródmieście","Lumumby Patrice","40-DK","Łódź","Łódź","łódzkie"
"90-365","Łódź","Śródmieście","Tymienieckiego Wincentego (Księdza Biskupa Wincentego Tymienieckiego)","3-7(n)","Łódź","Łódź","łódzkie"
"(adsbygoogle = window.adsbygoogle || []).push({});"
"93-536","Łódź","Górna","Głogowska","","Łódź","Łódź","łódzkie"
"93-475","Łódź","Górna","Mewy","","Łódź","Łódź","łódzkie"
"90-554","Łódź","Polesie","Łąkowa","17-DK(n), 18-42(p)","Łódź","Łódź","łódzkie"
"94-244","Łódź","Polesie","Rąbieńska","27-113(n), 34-100(p)","Łódź","Łódź","łódzkie"
"92-335","Łódź","Widzew","Milionowa","253-259(n)","Łódź","Łódź","łódzkie"
"91-488","Łódź","Bałuty","Jaskrowa","17-DK(n), 20-DK(p)","Łódź","Łódź","łódzkie"
"91-230","Łódź","Bałuty","Lechicka","","Łódź","Łódź","łódzkie"
"91-614","Łódź","Bałuty","Widokowa","","Łódź","Łódź","łódzkie"
"93-465","Łódź","Górna","Polarna","","Łódź","Łódź","łódzkie"
"91-373","Łódź","Bałuty","11 Listopada","103","Łódź","Łódź","łódzkie"
"(adsbygoogle = window.adsbygoogle || []).push({});"
"90-768","Łódź","Polesie","Włókniarzy Al.","199-217(n), 216","Łódź","Łódź","łódzkie"
"90-237","Łódź","Śródmieście","Matejki Jana Park","","Łódź","Łódź","łódzkie"
"90-137","Łódź","Śródmieście","Uniwersytecka","1-7(n), 2-10(p)","Łódź","Łódź","łódzkie"
"93-427","Łódź","Górna","Godna","","Łódź","Łódź","łódzkie"
"93-485","Łódź","Górna","Michałowska","","Łódź","Łódź","łódzkie"
"94-234","Łódź","Polesie","Łucznicza","","Łódź","Łódź","łódzkie"
"94-012","Łódź","Polesie","Retkińska","1-37(n), 2-22(p)","Łódź","Łódź","łódzkie"
"92-337","Łódź","Widzew","Milionowa","261-DK(n)","Łódź","Łódź","łódzkie"
"91-321","Łódź","Bałuty","Jasna","","Łódź","Łódź","łódzkie"
"91-486","Łódź","Bałuty","Leszczynowa","","Łódź","Łódź","łódzkie"
"(adsbygoogle = window.adsbygoogle || []).push({});"
"91-026","Łódź","Bałuty","Wielkopolska","58-68(p)","Łódź","Łódź","łódzkie"
"93-371","Łódź","Górna","Policyjna","","Łódź","Łódź","łódzkie"
"91-371","Łódź","Bałuty","11 Listopada","22-38(p), 27-69(n)","Łódź","Łódź","łódzkie"
"91-831","Łódź","Bałuty","Hersza Berlińskiego","","Łódź","Łódź","łódzkie"
"90-050","Łódź","Śródmieście","Mickiewicza Adama Al.","10","Łódź","Łódź","łódzkie"
"90-233","Łódź","Śródmieście","Uniwersytecka","19-DK(n), 36-DK(p)","Łódź","Łódź","łódzkie"
"93-352","Łódź","Górna","Gontowa","","Łódź","Łódź","łódzkie"
"93-113","Łódź","Górna","Milionowa","14, 41-55(n)","Łódź","Łódź","łódzkie"
"94-124","Łódź","Polesie","Łyżwiarska","","Łódź","Łódź","łódzkie"
"94-004","Łódź","Polesie","Retkińska","39-DK(n), 58-DK(p)","Łódź","Łódź","łódzkie"
"(adsbygoogle = window.adsbygoogle || []).push({});"
"92-721","Łódź","Widzew","Mirtowa","","Łódź","Łódź","łódzkie"
"91-162","Łódź","Bałuty","Jasne Błonia","","Łódź","Łódź","łódzkie"
"91-334","Łódź","Bałuty","Limanowskiego Bolesława","105-121(n)","Łódź","Łódź","łódzkie"
"91-232","Łódź","Bałuty","Wierzb Płaczących","","Łódź","Łódź","łódzkie"
"93-590","Łódź","Górna","Politechniki Al.","2-44(p), 17-23(n)","Łódź","Łódź","łódzkie"
"91-857","Łódź","Bałuty","Admiralska","","Łódź","Łódź","łódzkie"
"91-181","Łódź","Bałuty","Holenderska","","Łódź","Łódź","łódzkie"
"90-101","Łódź","Śródmieście","Moniuszki Stanisława","1-DK(n)","Łódź","Łódź","łódzkie"
"90-011","Łódź","Śródmieście","Walickiego Franciszka Al.","","Łódź","Łódź","łódzkie"
"93-645","Łódź","Górna","Gościniec","1-89(n), 2-92(p)","Łódź","Łódź","łódzkie"
"(adsbygoogle = window.adsbygoogle || []).push({});"
"93-121","Łódź","Górna","Milionowa","22-38(p), 91-205(n)","Łódź","Łódź","łódzkie"
"94-328","Łódź","Polesie","Maczka Stanisława (Generała Stanisława Maczka)","","Łódź","Łódź","łódzkie"
"94-222","Łódź","Polesie","Rowerowa","","Łódź","Łódź","łódzkie"
"92-620","Łódź","Widzew","Modrzejewskiej Heleny","","Łódź","Łódź","łódzkie"
"91-360","Łódź","Bałuty","Jaspisowa","","Łódź","Łódź","łódzkie"
"91-038","Łódź","Bałuty","Limanowskiego Bolesława","136-144(p)","Łódź","Łódź","łódzkie"
"91-495","Łódź","Bałuty","Wiklinowa","","Łódź","Łódź","łódzkie"
"93-438","Łódź","Górna","Popioły","","Łódź","Łódź","łódzkie"
"91-360","Łódź","Bałuty","Agatowa","","Łódź","Łódź","łódzkie"
"91-480","Łódź","Bałuty","Hortensji","","Łódź","Łódź","łódzkie"
"(adsbygoogle = window.adsbygoogle || []).push({});"
"90-111","Łódź","Śródmieście","Moniuszki Stanisława","2-DK(p)","Łódź","Łódź","łódzkie"
"91-426","Łódź","Śródmieście","Wierzbowa","1-15(n), 2-4(p)","Łódź","Łódź","łódzkie"
"93-646","Łódź","Górna","Gościniec","91-DK(n), 94-DK(p)","Łódź","Łódź","łódzkie"
"93-463","Łódź","Górna","Miłosna","","Łódź","Łódź","łódzkie"
"94-205","Łódź","Polesie","Mania","","Łódź","Łódź","łódzkie"
"94-110","Łódź","Polesie","Rusałki","","Łódź","Łódź","łódzkie"
"93-217","Łódź","Widzew","Morcinka Gustawa","","Łódź","Łódź","łódzkie"
"91-503","Łódź","Bałuty","Jastrzębia","","Łódź","Łódź","łódzkie"
"91-027","Łódź","Bałuty","Limanowskiego Bolesława","166-200(p)","Łódź","Łódź","łódzkie"
"91-184","Łódź","Bałuty","Włoska","","Łódź","Łódź","łódzkie"
"(adsbygoogle = window.adsbygoogle || []).push({});"
"93-467","Łódź","Górna","Portowa","","Łódź","Łódź","łódzkie"
"91-365","Łódź","Bałuty","Agrestowa","","Łódź","Łódź","łódzkie"
"91-020","Łódź","Bałuty","Inowrocławska","1-7(n)","Łódź","Łódź","łódzkie"
"90-151","Łódź","Śródmieście","Muszyńskiego Jana","","Łódź","Łódź","łódzkie"
"90-133","Łódź","Śródmieście","Wierzbowa","40-DK(p), 45-DK(n)","Łódź","Łódź","łódzkie"
"93-105","Łódź","Górna","Grabowa","","Łódź","Łódź","łódzkie"
"93-160","Łódź","Górna","Mochnackiego Maurycego","","Łódź","Łódź","łódzkie"
"94-102","Łódź","Polesie","Maratońska","23-67(n), 24-32(p)","Łódź","Łódź","łódzkie"
"94-301","Łódź","Polesie","Rzeszowska","","Łódź","Łódź","łódzkie"
"92-311","Łódź","Widzew","Motorowa","","Łódź","Łódź","łódzkie"
"(adsbygoogle = window.adsbygoogle || []).push({});"
"91-176","Łódź","Bałuty","Jażdżewskiego Konrada","","Łódź","Łódź","łódzkie"
"91-028","Łódź","Bałuty","Limanowskiego Bolesława","202-DK(p)","Łódź","Łódź","łódzkie"
"91-351","Łódź","Bałuty","Włókniarzy Al.","38","Łódź","Łódź","łódzkie"
"93-321","Łódź","Górna","Powszechna","1-30","Łódź","Łódź","łódzkie"
"91-357","Łódź","Bałuty","Ajnenkiela Eugeniusza","","Łódź","Łódź","łódzkie"
"91-033","Łódź","Bałuty","Inowrocławska","2-68(p), 9-69(n)","Łódź","Łódź","łódzkie"
"90-105","Łódź","Śródmieście","Narutowicza Gabriela (Prezydenta Gabriela Narutowicza)","1-3(n)","Łódź","Łódź","łódzkie"
"91-410","Łódź","Śródmieście","Wierzbowa","6-8(p)","Łódź","Łódź","łódzkie"
"93-309","Łódź","Górna","Grażyny","","Łódź","Łódź","łódzkie"
"93-413","Łódź","Górna","Morska","","Łódź","Łódź","łódzkie"
"(adsbygoogle = window.adsbygoogle || []).push({});"
"94-276","Łódź","Polesie","Marszowa","","Łódź","Łódź","łódzkie"
"94-113","Łódź","Polesie","Sieciowa","","Łódź","Łódź","łódzkie"
"92-407","Łódź","Widzew","Nalepińskiej Marii","","Łódź","Łódź","łódzkie"
"91-605","Łódź","Bałuty","Jeziorańskiego Antoniego","","Łódź","Łódź","łódzkie"
"91-056","Łódź","Bałuty","Limanowskiego Bolesława","20-32(p)","Łódź","Łódź","łódzkie"
"91-743","Łódź","Bałuty","Wojska Polskiego","108-128(p)","Łódź","Łódź","łódzkie"
"93-332","Łódź","Górna","Powtórna","","Łódź","Łódź","łódzkie"
"91-473","Łódź","Bałuty","Akacjowa","","Łódź","Łódź","łódzkie"
"91-496","Łódź","Bałuty","Jabłoniowa","","Łódź","Łódź","łódzkie"
"90-248","Łódź","Śródmieście","Narutowicza Gabriela (Prezydenta Gabriela Narutowicza)","52","Łódź","Łódź","łódzkie"
"(adsbygoogle = window.adsbygoogle || []).push({});"
"90-302","Łódź","Śródmieście","Wigury Stanisława (Pilota Stanisława Wigury)","1-19(n)","Łódź","Łódź","łódzkie"
"93-434","Łódź","Górna","Halki","","Łódź","Łódź","łódzkie"
"93-334","Łódź","Górna","Mulinowicza","","Łódź","Łódź","łódzkie"
"94-041","Łódź","Polesie","Marusarzówny Heleny","","Łódź","Łódź","łódzkie"
"94-250","Łódź","Polesie","Siewna","","Łódź","Łódź","łódzkie"
"92-708","Łódź","Widzew","Nasturcjowa","","Łódź","Łódź","łódzkie"
"91-487","Łódź","Bałuty","Jodłowa","","Łódź","Łódź","łódzkie"
"91-309","Łódź","Bałuty","Limanowskiego Bolesława","31-47(n)","Łódź","Łódź","łódzkie"
"91-440","Łódź","Bałuty","Wojska Polskiego","15-27(n)","Łódź","Łódź","łódzkie"
"93-447","Łódź","Górna","Pozioma","","Łódź","Łódź","łódzkie"
"(adsbygoogle = window.adsbygoogle || []).push({});"
"91-502","Łódź","Bałuty","Akademicka","","Łódź","Łódź","łódzkie"
"91-362","Łódź","Bałuty","Jagiellońska","","Łódź","Łódź","łódzkie"
"90-136","Łódź","Śródmieście","Narutowicza Gabriela (Prezydenta Gabriela Narutowicza)","54-68(p)","Łódź","Łódź","łódzkie"
"90-301","Łódź","Śródmieście","Wigury Stanisława (Pilota Stanisława Wigury)","4-12(p)","Łódź","Łódź","łódzkie"
"93-404","Łódź","Górna","Heleny","","Łódź","Łódź","łódzkie"
"93-365","Łódź","Górna","Musiała Włodzimierza (Profesora Włodzimierza Musiała)","","Łódź","Łódź","łódzkie"
"94-334","Łódź","Polesie","Mieczników","","Łódź","Łódź","łódzkie"
"94-253","Łódź","Polesie","Skarpowa","","Łódź","Łódź","łódzkie"
"92-641","Łódź","Widzew","Nery","","Łódź","Łódź","łódzkie"
"91-830","Łódź","Bałuty","Joselewicza Berka","","Łódź","Łódź","łódzkie"
"(adsbygoogle = window.adsbygoogle || []).push({});"
"91-052","Łódź","Bałuty","Limanowskiego Bolesława","34-50(p)","Łódź","Łódź","łódzkie"
"91-726","Łódź","Bałuty","Wojska Polskiego","153-DK(n), 168-DK(p)","Łódź","Łódź","łódzkie"
"93-447","Łódź","Górna","Profilowa","","Łódź","Łódź","łódzkie"
"91-229","Łódź","Bałuty","Aleksandrowska","141-159(n)","Łódź","Łódź","łódzkie"
"91-504","Łódź","Bałuty","Jagodowa","","Łódź","Łódź","łódzkie"
"90-131","Łódź","Śródmieście","Narutowicza Gabriela (Prezydenta Gabriela Narutowicza)","59a-65(n)","Łódź","Łódź","łódzkie"
"90-260","Łódź","Śródmieście","Włókiennicza","3-DK(n)","Łódź","Łódź","łódzkie"
"93-153","Łódź","Górna","Henryka","","Łódź","Łódź","łódzkie"
"93-372","Łódź","Górna","Mylna","","Łódź","Łódź","łódzkie"
"91-067","Łódź","Polesie","Mielczarskiego Romualda","","Łódź","Łódź","łódzkie"
"(adsbygoogle = window.adsbygoogle || []).push({});"
"90-505","Łódź","Polesie","Skłodowskiej-Curie Marii","1-11(n), 2-14(p)","Łódź","Łódź","łódzkie"
"92-630","Łódź","Widzew","Newerlego Igora","","Łódź","Łódź","łódzkie"
"91-473","Łódź","Bałuty","Julianowska","","Łódź","Łódź","łódzkie"
"91-302","Łódź","Bałuty","Limanowskiego Bolesława","5-25(n)","Łódź","Łódź","łódzkie"
"91-832","Łódź","Bałuty","Wojska Polskiego","2-22(p)","Łódź","Łódź","łódzkie"
"93-451","Łódź","Górna","Promowa","","Łódź","Łódź","łódzkie"
"91-155","Łódź","Bałuty","Aleksandrowska","162-246(p), 169-203a(n)","Łódź","Łódź","łódzkie"
"91-357","Łódź","Bałuty","Jagoszewskiego Mieczysława","","Łódź","Łódź","łódzkie"
"90-138","Łódź","Śródmieście","Narutowicza Gabriela (Prezydenta Gabriela Narutowicza)","70-78(p), 77-85(n)","Łódź","Łódź","łódzkie"
"90-211","Łódź","Śródmieście","Włókiennicza","4-DK(p)","Łódź","Łódź","łódzkie"
"(adsbygoogle = window.adsbygoogle || []).push({});"
"93-473","Łódź","Górna","Hoffmanowej Antoniny","","Łódź","Łódź","łódzkie"
"93-240","Łódź","Górna","Mysłowicka","","Łódź","Łódź","łódzkie"
"94-029","Łódź","Polesie","Mińska","","Łódź","Łódź","łódzkie"
"90-570","Łódź","Polesie","Skłodowskiej-Curie Marii","13-DK(n)","Łódź","Łódź","łódzkie"
"92-320","Łódź","Widzew","Niciarniana","19-DK(n), 32-DK(p)","Łódź","Łódź","łódzkie"
"91-204","Łódź","Bałuty","Juliusza","","Łódź","Łódź","łódzkie"
"91-329","Łódź","Bałuty","Limanowskiego Bolesława","59-103(n)","Łódź","Łódź","łódzkie"
"91-711","Łódź","Bałuty","Wojska Polskiego","95-111(n), 136-148(p)","Łódź","Łódź","łódzkie"
"93-583","Łódź","Górna","Przechodnia","","Łódź","Łódź","łódzkie"
"91-120","Łódź","Bałuty","Aleksandrowska","2-30(p)","Łódź","Łódź","łódzkie"
"(adsbygoogle = window.adsbygoogle || []).push({});"
"91-350","Łódź","Bałuty","Jana","","Łódź","Łódź","łódzkie"
"90-141","Łódź","Śródmieście","Narutowicza Gabriela (Prezydenta Gabriela Narutowicza)","96-104(p)","Łódź","Łódź","łódzkie"
"90-732","Łódź","Śródmieście","Wólczańska","10-16(p)","Łódź","Łódź","łódzkie"
"93-446","Łódź","Górna","Iłowa","","Łódź","Łódź","łódzkie"
"93-557","Łódź","Górna","Nad Jasieniem","","Łódź","Łódź","łódzkie"
"94-254","Łódź","Polesie","Molla Jana (Profesora Jana Molla)","","Łódź","Łódź","łódzkie"
"94-237","Łódź","Polesie","Slalomowa","","Łódź","Łódź","łódzkie"
"92-642","Łódź","Widzew","Niecała","","Łódź","Łódź","łódzkie"
"91-504","Łódź","Bałuty","Kacza","","Łódź","Łódź","łódzkie"
"91-042","Łódź","Bałuty","Limanowskiego Bolesława","82-120(p)","Łódź","Łódź","łódzkie"
"(adsbygoogle = window.adsbygoogle || []).push({});"
"91-043","Łódź","Bałuty","Wolna","","Łódź","Łódź","łódzkie"
"93-245","Łódź","Górna","Przedborska","","Łódź","Łódź","łódzkie"
"91-224","Łódź","Bałuty","Aleksandrowska","56-130(p)","Łódź","Łódź","łódzkie"
"91-534","Łódź","Bałuty","Jana i Cecylii","","Łódź","Łódź","łódzkie"
"90-145","Łódź","Śródmieście","Narutowicza Gabriela (Prezydenta Gabriela Narutowicza)","99-121(n), 106-128(p)","Łódź","Łódź","łódzkie"
"90-530","Łódź","Śródmieście","Wólczańska","152-184(p)","Łódź","Łódź","łódzkie"
"93-570","Łódź","Górna","Jana Pawła II Al.","","Łódź","Łódź","łódzkie"
"93-333","Łódź","Górna","Nadwodna","","Łódź","Łódź","łódzkie"
"94-235","Łódź","Polesie","Mundurowa","","Łódź","Łódź","łódzkie"
"94-313","Łódź","Polesie","Smulska","","Łódź","Łódź","łódzkie"
"(adsbygoogle = window.adsbygoogle || []).push({});"
"92-408","Łódź","Widzew","Niewiarowskiej Krystyny","","Łódź","Łódź","łódzkie"
"91-188","Łódź","Bałuty","Kaczmarskiego Jacka","","Łódź","Łódź","łódzkie"
"91-120","Łódź","Bałuty","Lipiec Reymontowskich","","Łódź","Łódź","łódzkie"
"91-030","Łódź","Bałuty","Woronicza Jana","","Łódź","Łódź","łódzkie"
"93-432","Łódź","Górna","Przestrzenna","2-12(p)","Łódź","Łódź","łódzkie"
"91-360","Łódź","Bałuty","Amazonitowa","","Łódź","Łódź","łódzkie"
"91-493","Łódź","Bałuty","Jasińskiego Jakuba (Generała Jakuba Jasińskiego)","","Łódź","Łódź","łódzkie"
"90-060","Łódź","Śródmieście","Nawrot","1-16","Łódź","Łódź","łódzkie"
"90-720","Łódź","Śródmieście","Wólczańska","1-9","Łódź","Łódź","łódzkie"
"93-562","Łódź","Górna","Jasień","29-DK","Łódź","Łódź","łódzkie"
"(adsbygoogle = window.adsbygoogle || []).push({});"
"93-486","Łódź","Górna","Narewska","","Łódź","Łódź","łódzkie"
"94-319","Łódź","Polesie","Muszkieterów","","Łódź","Łódź","łódzkie"
"94-214","Łódź","Polesie","Sojowa","","Łódź","Łódź","łódzkie"
"90-031","Łódź","Widzew","Nowa","1-23(n), 2-28(p)","Łódź","Łódź","łódzkie"
"91-843","Łódź","Bałuty","Kaletnicza","","Łódź","Łódź","łódzkie"
"91-226","Łódź","Bałuty","Liryczna","","Łódź","Łódź","łódzkie"
"91-310","Łódź","Bałuty","Wrocławska","14-DK(p)","Łódź","Łódź","łódzkie"
"93-167","Łódź","Górna","Przyborowskiego Walerego","2-DK(p)","Łódź","Łódź","łódzkie"
"91-604","Łódź","Bałuty","Ametystowa","","Łódź","Łódź","łódzkie"
"91-480","Łódź","Bałuty","Jaskrowa","1-15(n), 2-18(p)","Łódź","Łódź","łódzkie"
"(adsbygoogle = window.adsbygoogle || []).push({});"
"90-061","Łódź","Śródmieście","Nawrot","17-41(n)","Łódź","Łódź","łódzkie"
"90-516","Łódź","Śródmieście","Wólczańska","60-86(p)","Łódź","Łódź","łódzkie"
"93-633","Łódź","Górna","Jedwabnicza","","Łódź","Łódź","łódzkie"
"93-161","Łódź","Górna","Naruszewicza Adama","1-35(n), 2-50(p)","Łódź","Łódź","łódzkie"
"94-277","Łódź","Polesie","Musztrowa","","Łódź","Łódź","łódzkie"
"94-247","Łódź","Polesie","Solec","","Łódź","Łódź","łódzkie"
"90-030","Łódź","Widzew","Nowa","25-DK(n), 30-DK(p)","Łódź","Łódź","łódzkie"
"91-348","Łódź","Bałuty","Kalinowa","","Łódź","Łódź","łódzkie"
"91-220","Łódź","Bałuty","Liściasta","85-273(n), 140-266(p)","Łódź","Łódź","łódzkie"
"91-048","Łódź","Bałuty","Wrześnieńska","18-48(p)","Łódź","Łódź","łódzkie"
"(adsbygoogle = window.adsbygoogle || []).push({});"
"93-110","Łódź","Górna","Przybyszewskiego Stanisława","94-108(p), 123-153(n)","Łódź","Łódź","łódzkie"
"93-519","Łódź","Górna","Sokola","","Łódź","Łódź","łódzkie"
"91-521","Łódź","Bałuty","Antyczna","","Łódź","Łódź","łódzkie"
"91-488","Łódź","Bałuty","Jaśminowa","","Łódź","Łódź","łódzkie"
"90-008","Łódź","Śródmieście","Nawrot","18-20(p)","Łódź","Łódź","łódzkie"
"90-522","Łódź","Śródmieście","Wólczańska","88-120(p)","Łódź","Łódź","łódzkie"
"93-636","Łódź","Górna","Jędrzejowska","","Łódź","Łódź","łódzkie"
"93-490","Łódź","Górna","Niedziałkowskiego Mieczysława","","Łódź","Łódź","łódzkie"
"94-101","Łódź","Polesie","Nad Karolewką","","Łódź","Łódź","łódzkie"
"94-222","Łódź","Polesie","Spadochroniarzy","","Łódź","Łódź","łódzkie"
"(adsbygoogle = window.adsbygoogle || []).push({});"
"92-221","Łódź","Widzew","Nowogrodzka","1-26","Łódź","Łódź","łódzkie"
"91-487","Łódź","Bałuty","Kasztanowa","","Łódź","Łódź","łódzkie"
"91-481","Łódź","Bałuty","Litewska","","Łódź","Łódź","łódzkie"
"91-043","Łódź","Bałuty","Wrześnieńska","70-DK(p), 77-DK(n)","Łódź","Łódź","łódzkie"
"93-453","Łódź","Górna","Pucka","","Łódź","Łódź","łódzkie"
"93-490","Łódź","Górna","Sopocka","","Łódź","Łódź","łódzkie"
"91-358","Łódź","Bałuty","Anyżowa","","Łódź","Łódź","łódzkie"
"91-488","Łódź","Bałuty","Jaworowa","","Łódź","Łódź","łódzkie"
"90-045","Łódź","Śródmieście","Nawrot","62-78(p), 63-75(n)","Łódź","Łódź","łódzkie"
"90-271","Łódź","Śródmieście","Wschodnia","28-52(p)","Łódź","Łódź","łódzkie"
"(adsbygoogle = window.adsbygoogle || []).push({});"
"93-405","Łódź","Górna","Joanny","","Łódź","Łódź","łódzkie"
"93-018","Łódź","Górna","Niemcewicza Juliana Ursyna","1-15(n), 2-18(p)","Łódź","Łódź","łódzkie"
"94-218","Łódź","Polesie","Namiotowa","1-47(n), 2-52(p)","Łódź","Łódź","łódzkie"
"94-002","Łódź","Polesie","Sprinterów","","Łódź","Łódź","łódzkie"
"92-227","Łódź","Widzew","Nowogrodzka","27-DK","Łódź","Łódź","łódzkie"
"91-315","Łódź","Bałuty","Kaszubska","","Łódź","Łódź","łódzkie"
"91-158","Łódź","Bałuty","Lniana","","Łódź","Łódź","łódzkie"
"91-464","Łódź","Bałuty","Wspólna","1-25(n), 2-28(p)","Łódź","Łódź","łódzkie"
"93-321","Łódź","Górna","Racławicka","","Łódź","Łódź","łódzkie"
"93-102","Łódź","Górna","Sosnowa","","Łódź","Łódź","łódzkie"
"(adsbygoogle = window.adsbygoogle || []).push({});"
"91-857","Łódź","Bałuty","Astrów","","Łódź","Łódź","łódzkie"
"91-363","Łódź","Bałuty","Jesionowa","","Łódź","Łódź","łódzkie"
"90-046","Łódź","Śródmieście","Nawrot","77-83(n), 80-90(p)","Łódź","Łódź","łódzkie"
"90-267","Łódź","Śródmieście","Wschodnia","49-53(n)","Łódź","Łódź","łódzkie"
"93-615","Łódź","Górna","Józefów","41-DK","Łódź","Łódź","łódzkie"
"93-024","Łódź","Górna","Niemcewicza Juliana Ursyna","17-DK(n), 20-DK(p)","Łódź","Łódź","łódzkie"
"94-225","Łódź","Polesie","Namiotowa","51-61(n)","Łódź","Łódź","łódzkie"
"91-082","Łódź","Polesie","Srebrzyńska","16-26(p), 37-51(n)","Łódź","Łódź","łódzkie"
"92-703","Łódź","Widzew","Nowosolna Rynek","","Łódź","Łódź","łódzkie"
"91-176","Łódź","Bałuty","Kędry Władysława","","Łódź","Łódź","łódzkie"
"(adsbygoogle = window.adsbygoogle || []).push({});"
"91-203","Łódź","Bałuty","Ludowa","","Łódź","Łódź","łódzkie"
"91-819","Łódź","Bałuty","Współzawodnicza","","Łódź","Łódź","łódzkie"
"93-358","Łódź","Górna","Radosna","","Łódź","Łódź","łódzkie"
"93-240","Łódź","Górna","Sosnowiecka","","Łódź","Łódź","łódzkie"
"91-498","Łódź","Bałuty","Balladyny","","Łódź","Łódź","łódzkie"
"91-358","Łódź","Bałuty","Jeziorna","","Łódź","Łódź","łódzkie"
"91-065","Łódź","Śródmieście","Ogrodowa","15-23(n), 20-28(p)","Łódź","Łódź","łódzkie"
"90-263","Łódź","Śródmieście","Wschodnia","54-58(p)","Łódź","Łódź","łódzkie"
"93-377","Łódź","Górna","Jutrzenki","","Łódź","Łódź","łódzkie"
"93-467","Łódź","Górna","Niepołomicka","","Łódź","Łódź","łódzkie"
"(adsbygoogle = window.adsbygoogle || []).push({});"
"94-231","Łódź","Polesie","Napoleońska","","Łódź","Łódź","łódzkie"
"91-080","Łódź","Polesie","Srebrzyńska","25-35(n)","Łódź","Łódź","łódzkie"
"92-119","Łódź","Widzew","Obłoczna","","Łódź","Łódź","łódzkie"
"92-102","Łódź","Widzew","Strążyska","","Łódź","Łódź","łódzkie"
"91-510","Łódź","Bałuty","Klasztorna","","Łódź","Łódź","łódzkie"
"91-013","Łódź","Bałuty","Lutomierska","114-138(p)","Łódź","Łódź","łódzkie"
"91-603","Łódź","Bałuty","Wycieczkowa","9-25(n), 10-12(p)","Łódź","Łódź","łódzkie"
"93-442","Łódź","Górna","Raduńska","","Łódź","Łódź","łódzkie"
"93-468","Łódź","Górna","Spartańska","","Łódź","Łódź","łódzkie"
"91-445","Łódź","Bałuty","Bałucki Rynek","1-3","Łódź","Łódź","łódzkie"
"(adsbygoogle = window.adsbygoogle || []).push({});"
"91-503","Łódź","Bałuty","Jeża","","Łódź","Łódź","łódzkie"
"91-402","Łódź","Śródmieście","Palki Grzegorza Al.","1-5(n)","Łódź","Łódź","łódzkie"
"91-063","Łódź","Śródmieście","Zachodnia","26-46(p), 53-65(n)","Łódź","Łódź","łódzkie"
"93-263","Łódź","Górna","Kadłubka Wincentego","1-29(n)","Łódź","Łódź","łódzkie"
"93-479","Łódź","Górna","Nizinna","","Łódź","Łódź","łódzkie"
"94-101","Łódź","Polesie","Narciarska","","Łódź","Łódź","łódzkie"
"94-314","Łódź","Polesie","Stare Złotno","","Łódź","Łódź","łódzkie"
"92-608","Łódź","Widzew","Ogińskiego Michała Kleofasa","","Łódź","Łódź","łódzkie"
"92-306","Łódź","Widzew","Szafera Władysława","","Łódź","Łódź","łódzkie"
"91-493","Łódź","Bałuty","Kleeberga Franciszka (Generała Franciszka Kleeberga)","","Łódź","Łódź","łódzkie"
"(adsbygoogle = window.adsbygoogle || []).push({});"
"91-041","Łódź","Bałuty","Lutomierska","115-119(n), 142-146(p)","Łódź","Łódź","łódzkie"
"91-058","Łódź","Bałuty","Zachodnia","10-16(p)","Łódź","Łódź","łódzkie"
"93-453","Łódź","Górna","Rafowa","","Łódź","Łódź","łódzkie"
"93-447","Łódź","Górna","Sportowa","","Łódź","Łódź","łódzkie"
"91-162","Łódź","Bałuty","Banachiewicza Tadeusza (Profesora Tadeusza Banachiewicza)","","Łódź","Łódź","łódzkie"
"91-504","Łódź","Bałuty","Jodowa","","Łódź","Łódź","łódzkie"
"91-737","Łódź","Śródmieście","Palki Grzegorza Al.","2","Łódź","Łódź","łódzkie"
"91-066","Łódź","Śródmieście","Zachodnia","45-51(n)","Łódź","Łódź","łódzkie"
"93-248","Łódź","Górna","Kadłubka Wincentego","31-37(n), 38-44(p)","Łódź","Łódź","łódzkie"
"93-616","Łódź","Górna","Nowe Górki","","Łódź","Łódź","łódzkie"
"(adsbygoogle = window.adsbygoogle || []).push({});"
"94-024","Łódź","Polesie","Norwida Cypriana Kamila","","Łódź","Łódź","łódzkie"
"90-537","Łódź","Polesie","Stefanowskiego Bogdana","","Łódź","Łódź","łódzkie"
"92-119","Łódź","Widzew","Olkuska","","Łódź","Łódź","łódzkie"
"92-605","Łódź","Widzew","Szafrańska","","Łódź","Łódź","łódzkie"
"91-615","Łódź","Bałuty","Klimatyczna","","Łódź","Łódź","łódzkie"
"91-035","Łódź","Bałuty","Lutomierska","125-DK(n), 158-DK(p)","Łódź","Łódź","łódzkie"
"91-005","Łódź","Bałuty","Zachodnia","18-24(p), 39-45a(n)","Łódź","Łódź","łódzkie"
"93-482","Łódź","Górna","Regatowa","","Łódź","Łódź","łódzkie"
"93-418","Łódź","Górna","Starorudzka","4-36(p)","Łódź","Łódź","łódzkie"
"91-502","Łódź","Bałuty","Barbary","","Łódź","Łódź","łódzkie"
"(adsbygoogle = window.adsbygoogle || []).push({});"
"91-849","Łódź","Bałuty","Jonschera Karola (Doktora Karola Jonschera)","","Łódź","Łódź","łódzkie"
"90-456","Łódź","Śródmieście","PCK Al.","","Łódź","Łódź","łódzkie"
"90-403","Łódź","Śródmieście","Zachodnia","48-70(p)","Łódź","Łódź","łódzkie"
"93-480","Łódź","Górna","Kaktusowa","","Łódź","Łódź","łódzkie"
"93-492","Łódź","Górna","Nurkowa","","Łódź","Łódź","łódzkie"
"94-025","Łódź","Polesie","Objazdowa","","Łódź","Łódź","łódzkie"
"90-537","Łódź","Polesie","Stefanowskiego Bohdana (Profesora Bohdana Stefanowskiego)","","Łódź","Łódź","łódzkie"
"92-407","Łódź","Widzew","Orłowicza Mieczysława","","Łódź","Łódź","łódzkie"
"92-121","Łódź","Widzew","Szałasowa","","Łódź","Łódź","łódzkie"
"91-036","Łódź","Bałuty","Klonowa","1-DK(n)","Łódź","Łódź","łódzkie"
"(adsbygoogle = window.adsbygoogle || []).push({});"
"91-054","Łódź","Bałuty","Lutomierska","23-41a(n)","Łódź","Łódź","łódzkie"
"91-055","Łódź","Bałuty","Zachodnia","19-35(n)","Łódź","Łódź","łódzkie"
"93-476","Łódź","Górna","Regera Tadeusza","","Łódź","Łódź","łódzkie"
"93-481","Łódź","Górna","Stepowa","","Łódź","Łódź","łódzkie"
"91-520","Łódź","Bałuty","Barokowa","","Łódź","Łódź","łódzkie"
"91-134","Łódź","Bałuty","Judyma Tomasza","","Łódź","Łódź","łódzkie"
"90-368","Łódź","Śródmieście","Piłsudskiego Józefa Al. (Marszałka Józefa Piłsudskiego)","1-13(n)","Łódź","Łódź","łódzkie"
"90-402","Łódź","Śródmieście","Zachodnia","67-93(n)","Łódź","Łódź","łódzkie"
"92-444","Łódź","Widzew","Hetmańska Al.","","Łódź","Łódź","łódzkie"
"93-433","Łódź","Górna","Oazowa","","Łódź","Łódź","łódzkie"
"(adsbygoogle = window.adsbygoogle || []).push({});"
"94-269","Łódź","Polesie","Obronna","","Łódź","Łódź","łódzkie"
"90-613","Łódź","Polesie","Struga Andrzeja","19-23(n)","Łódź","Łódź","łódzkie"
"92-620","Łódź","Widzew","Osterwy Juliusza","","Łódź","Łódź","łódzkie"
"92-617","Łódź","Widzew","Szaniawskiego Jerzego","","Łódź","Łódź","łódzkie"
"91-609","Łódź","Bałuty","Kłodzka","","Łódź","Łódź","łódzkie"
"91-504","Łódź","Bałuty","Łabędzia","","Łódź","Łódź","łódzkie"
"91-232","Łódź","Bałuty","Zagonowa","","Łódź","Łódź","łódzkie"
"93-583","Łódź","Górna","Rejtana Tadeusza","","Łódź","Łódź","łódzkie"
"93-463","Łódź","Górna","Sternicza","","Łódź","Łódź","łódzkie"
"91-053","Łódź","Bałuty","Bazarowa","","Łódź","Łódź","łódzkie"
"(adsbygoogle = window.adsbygoogle || []).push({});"
"91-498","Łódź","Bałuty","Julii","","Łódź","Łódź","łódzkie"
"90-051","Łódź","Śródmieście","Piłsudskiego Józefa Al. (Marszałka Józefa Piłsudskiego)","2-26(p)","Łódź","Łódź","łódzkie"
"90-228","Łódź","Śródmieście","Zacisze","","Łódź","Łódź","łódzkie"
"92-624","Łódź","Widzew","Idzikowskiej Krystyny","","Łódź","Łódź","łódzkie"
"93-360","Łódź","Górna","Obszerna","1-61(n), 2-50(p)","Łódź","Łódź","łódzkie"
"94-111","Łódź","Polesie","Obywatelska","164-DK(p), 193-207(n)","Łódź","Łódź","łódzkie"
"90-631","Łódź","Polesie","Struga Andrzeja","25-35(n)","Łódź","Łódź","łódzkie"
"92-002","Łódź","Widzew","Ostrołęcka","","Łódź","Łódź","łódzkie"
"92-013","Łódź","Widzew","Szarotki","","Łódź","Łódź","łódzkie"
"91-528","Łódź","Bałuty","Kobaltowa","","Łódź","Łódź","łódzkie"
"(adsbygoogle = window.adsbygoogle || []).push({});"
"91-863","Łódź","Bałuty","Łagiewnicka","115-199(n)","Łódź","Łódź","łódzkie"
"91-866","Łódź","Bałuty","Zaliwskiego Józefa","","Łódź","Łódź","łódzkie"
"93-310","Łódź","Górna","Rentowna","","Łódź","Łódź","łódzkie"
"93-191","Łódź","Górna","Stocka","","Łódź","Łódź","łódzkie"
"91-179","Łódź","Bałuty","Białych Róż","","Łódź","Łódź","łódzkie"
"91-214","Łódź","Bałuty","Kaczeńcowa","","Łódź","Łódź","łódzkie"
"90-006","Łódź","Śródmieście","Piotrkowska","114-124(p)","Łódź","Łódź","łódzkie"
"90-431","Łódź","Śródmieście","Zamenhofa Ludwika","1-5(n), 2-10(p)","Łódź","Łódź","łódzkie"
"92-736","Łódź","Widzew","Iglasta","","Łódź","Łódź","łódzkie"
"93-346","Łódź","Górna","Obszerna","52-DK(p), 63-DK(n)","Łódź","Łódź","łódzkie"
"(adsbygoogle = window.adsbygoogle || []).push({});"
"94-270","Łódź","Polesie","Oficerska","","Łódź","Łódź","łódzkie"
"90-632","Łódź","Polesie","Struga Andrzeja","37-43(n)","Łódź","Łódź","łódzkie"
"93-285","Łódź","Widzew","Ozorkowska","","Łódź","Łódź","łódzkie"
"92-102","Łódź","Widzew","Szczawnicka","","Łódź","Łódź","łódzkie"
"91-612","Łódź","Bałuty","Kobzowa","","Łódź","Łódź","łódzkie"
"91-471","Łódź","Bałuty","Łagiewnicka","118-120(p)","Łódź","Łódź","łódzkie"
"91-219","Łódź","Bałuty","Zapustna","","Łódź","Łódź","łódzkie"
"93-472","Łódź","Górna","Retmańska","","Łódź","Łódź","łódzkie"
"93-333","Łódź","Górna","Strażnicza","","Łódź","Łódź","łódzkie"
"91-475","Łódź","Bałuty","Biegańskiego Władysława (Doktora Władysława Biegańskiego)","46-50(p), 47-DK(n)","Łódź","Łódź","łódzkie"
"(adsbygoogle = window.adsbygoogle || []).push({});"
"91-478","Łódź","Bałuty","Karłowicza Mieczysława","","Łódź","Łódź","łódzkie"
"90-406","Łódź","Śródmieście","Piotrkowska","1-23(n)","Łódź","Łódź","łódzkie"
"90-147","Łódź","Śródmieście","Zelwerowicza Aleksandra","1-43(n), 2-46(p)","Łódź","Łódź","łódzkie"
"92-619","Łódź","Widzew","Iłłakowiczówny Kazimiery","","Łódź","Łódź","łódzkie"
"93-558","Łódź","Górna","Obywatelska","1-67(n), 2-58(p)","Łódź","Łódź","łódzkie"
"91-075","Łódź","Polesie","Okrzei Stefana","1-29(n), 2-24(p)","Łódź","Łódź","łódzkie"
"90-609","Łódź","Polesie","Struga Andrzeja","9-17(n)","Łódź","Łódź","łódzkie"
"92-304","Łódź","Widzew","Parowozowa","","Łódź","Łódź","łódzkie"
"92-608","Łódź","Widzew","Szklarskiego Alfreda","","Łódź","Łódź","łódzkie"
"91-601","Łódź","Bałuty","Kogucia","1-12","Łódź","Łódź","łódzkie"
"(adsbygoogle = window.adsbygoogle || []).push({});"
"91-833","Łódź","Bałuty","Łagiewnicka","1-27(n)","Łódź","Łódź","łódzkie"
"91-523","Łódź","Bałuty","Zaścianek Bohatyrowicze","","Łódź","Łódź","łódzkie"
"93-493","Łódź","Górna","Rocznicowa","","Łódź","Łódź","łódzkie"
"93-521","Łódź","Górna","Strycharska","1-20, 22-28(p)","Łódź","Łódź","łódzkie"
"91-481","Łódź","Bałuty","Biegańskiego Władysława (Doktora Władysława Biegańskiego)","52-DK(p)","Łódź","Łódź","łódzkie"
"91-071","Łódź","Bałuty","Karskiego Jana","","Łódź","Łódź","łódzkie"
"90-062","Łódź","Śródmieście","Piotrkowska","126-144(p)","Łódź","Łódź","łódzkie"
"90-148","Łódź","Śródmieście","Zelwerowicza Aleksandra","45-DK(n), 48-DK(p)","Łódź","Łódź","łódzkie"
"92-414","Łódź","Widzew","Jagiellonki Anny","","Łódź","Łódź","łódzkie"
"93-490","Łódź","Górna","Odrzańska","1-17(n), 8-12(p)","Łódź","Łódź","łódzkie"
"(adsbygoogle = window.adsbygoogle || []).push({});"
"94-256","Łódź","Polesie","Orężna","","Łódź","Łódź","łódzkie"
"94-307","Łódź","Polesie","Sułkowskiego Józefa (Generała Józefa Sułkowskiego)","","Łódź","Łódź","łódzkie"
"92-413","Łódź","Widzew","Piasta Kołodzieja","","Łódź","Łódź","łódzkie"
"92-207","Łódź","Widzew","Szpitalna","1-DK(n), 2-6(p)","Łódź","Łódź","łódzkie"
"91-481","Łódź","Bałuty","Łagiewnicka","134-158(p)","Łódź","Łódź","łódzkie"
"91-844","Łódź","Bałuty","Zbożowa","","Łódź","Łódź","łódzkie"
"93-438","Łódź","Górna","Rodzinna","","Łódź","Łódź","łódzkie"
"93-334","Łódź","Górna","Strzelecka","7-DK","Łódź","Łódź","łódzkie"
"91-470","Łódź","Bałuty","Blacharska","","Łódź","Łódź","łódzkie"
"91-336","Łódź","Bałuty","Kartuska","","Łódź","Łódź","łódzkie"
"(adsbygoogle = window.adsbygoogle || []).push({});"
"90-434","Łódź","Śródmieście","Piotrkowska","129-145(n)","Łódź","Łódź","łódzkie"
"90-414","Łódź","Śródmieście","Zielona","1-11(n), 2-8(p)","Łódź","Łódź","łódzkie"
"92-108","Łódź","Widzew","Janosika","101-DK(n), 110-DK(p)","Łódź","Łódź","łódzkie"
"93-150","Łódź","Górna","Odyńca Antoniego Edwarda","","Łódź","Łódź","łódzkie"
"91-089","Łódź","Polesie","Ossowskiego Michała","","Łódź","Łódź","łódzkie"
"94-112","Łódź","Polesie","Sumowa","","Łódź","Łódź","łódzkie"
"92-438","Łódź","Widzew","Piechoty Wybranieckiej","","Łódź","Łódź","łódzkie"
"90-336","Łódź","Widzew","Śmigłego-Rydza Edwarda Al. (Marszałka Edwarda Śmigłego-Rydza)","1-7(n)","Łódź","Łódź","łódzkie"
"91-865","Łódź","Bałuty","Łagiewnicka","201-219(n)","Łódź","Łódź","łódzkie"
"91-321","Łódź","Bałuty","Zduńska","","Łódź","Łódź","łódzkie"
"(adsbygoogle = window.adsbygoogle || []).push({});"
"93-493","Łódź","Górna","Rokicka","","Łódź","Łódź","łódzkie"
"93-308","Łódź","Górna","Studzienna","","Łódź","Łódź","łódzkie"
"91-227","Łódź","Bałuty","Bliska","","Łódź","Łódź","łódzkie"
"91-318","Łódź","Bałuty","Karwińska","","Łódź","Łódź","łódzkie"
"90-269","Łódź","Śródmieście","Piotrkowska","14-32(p)","Łódź","Łódź","łódzkie"
"90-451","Łódź","Śródmieście","Żwirki Franciszka (Kapitana Pilota Franciszka Żwirki)","10b","Łódź","Łódź","łódzkie"
"92-014","Łódź","Widzew","Janosika","1-68","Łódź","Łódź","łódzkie"
"93-329","Łódź","Górna","Ogniskowa","","Łódź","Łódź","łódzkie"
"94-331","Łódź","Polesie","Pancerniaków","","Łódź","Łódź","łódzkie"
"94-405","Łódź","Polesie","Synów Pułku","","Łódź","Łódź","łódzkie"
"(adsbygoogle = window.adsbygoogle || []).push({});"
"92-003","Łódź","Widzew","Pieniny","1-29(n), 31-DK","Łódź","Łódź","łódzkie"
"93-281","Łódź","Widzew","Śmigłego-Rydza Edwarda Al. (Marszałka Edwarda Śmigłego-Rydza)","29-37(n), 30-52a(p)","Łódź","Łódź","łódzkie"
"91-839","Łódź","Bałuty","Łagiewnicka","29-61(n)","Łódź","Łódź","łódzkie"
"91-468","Łódź","Bałuty","Zgierska","107-113(n)","Łódź","Łódź","łódzkie"
"93-238","Łódź","Górna","Rolnicza","53-57(n)","Łódź","Łódź","łódzkie"
"93-414","Łódź","Górna","Stylowa","","Łódź","Łódź","łódzkie"
"91-464","Łódź","Bałuty","Bolesława Chrobrego","","Łódź","Łódź","łódzkie"
"91-498","Łódź","Bałuty","Kaskadowa","","Łódź","Łódź","łódzkie"
"90-368","Łódź","Śródmieście","Piotrkowska","162-196(p)","Łódź","Łódź","łódzkie"
"90-450","Łódź","Śródmieście","Żwirki Franciszka (Kapitana Pilota Franciszka Żwirki)","2-20(p)","Łódź","Łódź","łódzkie"
"(adsbygoogle = window.adsbygoogle || []).push({});"
"92-102","Łódź","Widzew","Janosika","69-99(n), 70-108(p)","Łódź","Łódź","łódzkie"
"93-648","Łódź","Górna","Ogrodnicza","","Łódź","Łódź","łódzkie"
"94-235","Łódź","Polesie","Parafialna","","Łódź","Łódź","łódzkie"
"94-308","Łódź","Polesie","Syrokomli Władysława","","Łódź","Łódź","łódzkie"
"92-326","Łódź","Widzew","Piłsudskiego Józefa Al. (Marszałka Józefa Piłsudskiego)","100","Łódź","Łódź","łódzkie"
"92-103","Łódź","Widzew","Śnieżna","","Łódź","Łódź","łódzkie"
"91-855","Łódź","Bałuty","Łagiewnicka","63-113(n)","Łódź","Łódź","łódzkie"
"91-305","Łódź","Bałuty","Zgierska","108-120(p)","Łódź","Łódź","łódzkie"
"93-460","Łódź","Górna","Rozewie","","Łódź","Łódź","łódzkie"
"93-181","Łódź","Górna","Suwalska","1-13(n), 2-8a(p)","Łódź","Łódź","łódzkie"
"(adsbygoogle = window.adsbygoogle || []).push({});"
"91-496","Łódź","Bałuty","Borówkowa","","Łódź","Łódź","łódzkie"
"91-017","Łódź","Bałuty","Kasprzaka Marcina","65-DK","Łódź","Łódź","łódzkie"
"90-451","Łódź","Śródmieście","Piotrkowska","197-227(n)","Łódź","Łódź","łódzkie"
"92-305","Łódź","Widzew","Adamieckiego Karola","","Łódź","Łódź","łódzkie"
"92-410","Łódź","Widzew","Janowska","","Łódź","Łódź","łódzkie"
"93-359","Łódź","Górna","Okienna","","Łódź","Łódź","łódzkie"
"94-223","Łódź","Polesie","Partyzantów","","Łódź","Łódź","łódzkie"
"94-048","Łódź","Polesie","Szermiercza","","Łódź","Łódź","łódzkie"
"92-318","Łódź","Widzew","Piłsudskiego Józefa Al. (Marszałka Józefa Piłsudskiego)","125-141(n)","Łódź","Łódź","łódzkie"
"92-120","Łódź","Widzew","Śpiących Rycerzy","","Łódź","Łódź","łódzkie"
"(adsbygoogle = window.adsbygoogle || []).push({});"
"91-110","Łódź","Bałuty","Łanowa","22-32(p), 83-113(n)","Łódź","Łódź","łódzkie"
"91-490","Łódź","Bałuty","Zgierska","145-199(n)","Łódź","Łódź","łódzkie"
"93-481","Łódź","Górna","Rozległa","","Łódź","Łódź","łódzkie"
"93-435","Łódź","Górna","Swobodna","","Łódź","Łódź","łódzkie"
"91-529","Łódź","Bałuty","Boruty","","Łódź","Łódź","łódzkie"
"91-503","Łódź","Bałuty","Kasztelańska","16-DK(p), 57-DK(n)","Łódź","Łódź","łódzkie"
"90-270","Łódź","Śródmieście","Piotrkowska","2-12(p)","Łódź","Łódź","łódzkie"
"92-537","Łódź","Widzew","Adwentowicza Karola","10-DK(p)","Łódź","Łódź","łódzkie"
"92-309","Łódź","Widzew","Jelenia","","Łódź","Łódź","łódzkie"
"93-367","Łódź","Górna","Okręgowa","","Łódź","Łódź","łódzkie"
"(adsbygoogle = window.adsbygoogle || []).push({});"
"94-209","Łódź","Polesie","Perla Feliksa","1-9(n), 2","Łódź","Łódź","łódzkie"
"94-117","Łódź","Polesie","Sztormowa","","Łódź","Łódź","łódzkie"
"90-330","Łódź","Widzew","Piłsudskiego Józefa Al. (Marszałka Józefa Piłsudskiego)","52-78(p)","Łódź","Łódź","łódzkie"
"92-735","Łódź","Widzew","Śródziemnmorska","","Łódź","Łódź","łódzkie"
"91-726","Łódź","Bałuty","Łomnicka","","Łódź","Łódź","łódzkie"
"91-446","Łódź","Bałuty","Zgierska","1-61(n)","Łódź","Łódź","łódzkie"
"93-463","Łódź","Górna","Rozwojowa","","Łódź","Łódź","łódzkie"
"93-014","Łódź","Górna","Szara","","Łódź","Łódź","łódzkie"
"91-120","Łódź","Bałuty","Boryny Macieja","","Łódź","Łódź","łódzkie"
"91-865","Łódź","Bałuty","Kasztelańska","2-14(p)","Łódź","Łódź","łódzkie"
"(adsbygoogle = window.adsbygoogle || []).push({});"
"90-360","Łódź","Śródmieście","Piotrkowska","224-250(p)","Łódź","Łódź","łódzkie"
"92-532","Łódź","Widzew","Adwentowicza Karola","1-15(n)","Łódź","Łódź","łódzkie"
"92-711","Łódź","Widzew","Jemiołowa","","Łódź","Łódź","łódzkie"
"93-487","Łódź","Górna","Opałowa","","Łódź","Łódź","łódzkie"
"94-248","Łódź","Polesie","Perłowa","","Łódź","Łódź","łódzkie"
"94-282","Łódź","Polesie","Świąteczna","","Łódź","Łódź","łódzkie"
"92-322","Łódź","Widzew","Piłsudskiego Józefa Al. (Marszałka Józefa Piłsudskiego)","81-85(n)","Łódź","Łódź","łódzkie"
"92-117","Łódź","Widzew","Tadeusza","","Łódź","Łódź","łódzkie"
"91-491","Łódź","Bałuty","Łucji","","Łódź","Łódź","łódzkie"
"91-346","Łódź","Bałuty","Zgierska","176","Łódź","Łódź","łódzkie"
"(adsbygoogle = window.adsbygoogle || []).push({});"
"93-348","Łódź","Górna","Równa","","Łódź","Łódź","łódzkie"
"93-420","Łódź","Górna","Szczera","","Łódź","Łódź","łódzkie"
"91-747","Łódź","Bałuty","Boya-Żeleńskiego Tadeusza","1-15(n)","Łódź","Łódź","łódzkie"
"91-849","Łódź","Bałuty","Kaufmana Mieczysława","","Łódź","Łódź","łódzkie"
"90-456","Łódź","Śródmieście","Piotrkowska","229-263(n)","Łódź","Łódź","łódzkie"
"92-534","Łódź","Widzew","Adwentowicza Karola","17-23(n)","Łódź","Łódź","łódzkie"
"92-015","Łódź","Widzew","Jesienna","","Łódź","Łódź","łódzkie"
"93-155","Łódź","Górna","Orkana Władysława","","Łódź","Łódź","łódzkie"
"94-003","Łódź","Polesie","Piaski","","Łódź","Łódź","łódzkie"
"91-072","Łódź","Polesie","Świętego Jerzego","","Łódź","Łódź","łódzkie"
"(adsbygoogle = window.adsbygoogle || []).push({});"
"92-332","Łódź","Widzew","Piłsudskiego Józefa Al. (Marszałka Józefa Piłsudskiego)","87-123(n)","Łódź","Łódź","łódzkie"
"92-548","Łódź","Widzew","Tansmana Aleksandra","","Łódź","Łódź","łódzkie"
"91-528","Łódź","Bałuty","Łupkowa","1-4","Łódź","Łódź","łódzkie"
"91-496","Łódź","Bałuty","Zgierska","219-231(n)","Łódź","Łódź","łódzkie"
"93-583","Łódź","Górna","Różana","28-DK","Łódź","Łódź","łódzkie"
"93-026","Łódź","Górna","Szenwalda Lucjana","","Łódź","Łódź","łódzkie"
"91-761","Łódź","Bałuty","Boya-Żeleńskiego Tadeusza","2-8a(p)","Łódź","Łódź","łódzkie"
"91-171","Łódź","Bałuty","Kąkolowa","","Łódź","Łódź","łódzkie"
"90-410","Łódź","Śródmieście","Piotrkowska","25-45(n)","Łódź","Łódź","łódzkie"
"92-535","Łódź","Widzew","Adwentowicza Karola","25-DK(n)","Łódź","Łódź","łódzkie"
"(adsbygoogle = window.adsbygoogle || []).push({});"
"92-007","Łódź","Widzew","Jędrowizna","","Łódź","Łódź","łódzkie"
"93-451","Łódź","Górna","Orłowska","","Łódź","Łódź","łódzkie"
"94-275","Łódź","Polesie","Piechura","","Łódź","Łódź","łódzkie"
"94-224","Łódź","Polesie","Tobruk","1-9(n), 2-DK(p)","Łódź","Łódź","łódzkie"
"92-119","Łódź","Widzew","Pisarska","","Łódź","Łódź","łódzkie"
"93-115","Łódź","Widzew","Tatrzańska","1-15(n), 2-24(p)","Łódź","Łódź","łódzkie"
"91-527","Łódź","Bałuty","Łupkowa","5-DK","Łódź","Łódź","łódzkie"
"91-364","Łódź","Bałuty","Zgierska","242-256(p)","Łódź","Łódź","łódzkie"
"93-403","Łódź","Górna","Rtęciowa","","Łódź","Łódź","łódzkie"
"93-480","Łódź","Górna","Szkoły Orląt","","Łódź","Łódź","łódzkie"
"(adsbygoogle = window.adsbygoogle || []).push({});"
"91-764","Łódź","Bałuty","Bracka","23-25(n)","Łódź","Łódź","łódzkie"
"91-219","Łódź","Bałuty","Kieratowa","","Łódź","Łódź","łódzkie"
"90-457","Łódź","Śródmieście","Piotrkowska","265-283(n)","Łódź","Łódź","łódzkie"
"92-536","Łódź","Widzew","Adwentowicza Karola","2-8(p)","Łódź","Łódź","łódzkie"
"92-204","Łódź","Widzew","Józefa","1-7","Łódź","Łódź","łódzkie"
"93-363","Łódź","Górna","Osobliwa","","Łódź","Łódź","łódzkie"
"94-121","Łódź","Polesie","Piłkarska","","Łódź","Łódź","łódzkie"
"94-048","Łódź","Polesie","Tomaszewicza Wincentego","","Łódź","Łódź","łódzkie"
"93-222","Łódź","Widzew","""Piwnika Ponurego Jana (Majora Jana Piwnika """"Ponurego"""")""","","Łódź","Łódź","łódzkie"
"93-118","Łódź","Widzew","Tatrzańska","17-19(n), 26-28(p)","Łódź","Łódź","łódzkie"
"(adsbygoogle = window.adsbygoogle || []).push({});"
"91-349","Łódź","Bałuty","Mackiewicza Antoniego","9-DK","Łódź","Łódź","łódzkie"
"91-303","Łódź","Bałuty","Zgierska","54-104a(p)","Łódź","Łódź","łódzkie"
"93-463","Łódź","Górna","Ruczajowa","","Łódź","Łódź","łódzkie"
"93-469","Łódź","Górna","Szkutnicza","","Łódź","Łódź","łódzkie"
"91-717","Łódź","Bałuty","Bracka","47-DK","Łódź","Łódź","łódzkie"
"91-612","Łódź","Bałuty","Kierpcowa","","Łódź","Łódź","łódzkie"
"90-413","Łódź","Śródmieście","Piotrkowska","47-63(n)","Łódź","Łódź","łódzkie"
"92-003","Łódź","Widzew","Alpejska","","Łódź","Łódź","łódzkie"
"92-207","Łódź","Widzew","Józefa","8-16","Łódź","Łódź","łódzkie"
"93-542","Łódź","Górna","Oświęcimska","","Łódź","Łódź","łódzkie"
"(adsbygoogle = window.adsbygoogle || []).push({});"
"94-281","Łódź","Polesie","Pisankowa","","Łódź","Łódź","łódzkie"
"94-101","Łódź","Polesie","Trójskok","","Łódź","Łódź","łódzkie"
"92-440","Łódź","Widzew","Podbipięty Longinusa","","Łódź","Łódź","łódzkie"
"93-279","Łódź","Widzew","Tatrzańska","71-75(n)","Łódź","Łódź","łódzkie"
"91-614","Łódź","Bałuty","Magnoliowa","","Łódź","Łódź","łódzkie"
"91-465","Łódź","Bałuty","Zgierska","75-105(n)","Łódź","Łódź","łódzkie"
"93-423","Łódź","Górna","Rudzka","33/35-65(n), 58-98(p)","Łódź","Łódź","łódzkie"
"93-480","Łódź","Górna","Szybowcowa","","Łódź","Łódź","łódzkie"
"91-745","Łódź","Bałuty","Brauna Mieczysława","","Łódź","Łódź","łódzkie"
"91-421","Łódź","Bałuty","Kilińskiego Jana","1-9","Łódź","Łódź","łódzkie"
"(adsbygoogle = window.adsbygoogle || []).push({});"
"90-423","Łódź","Śródmieście","Piotrkowska","77-95(n)","Łódź","Łódź","łódzkie"
"92-732","Łódź","Widzew","Amarantowa","","Łódź","Łódź","łódzkie"
"92-109","Łódź","Widzew","Junacka","","Łódź","Łódź","łódzkie"
"93-410","Łódź","Górna","Pabianicka","128-178(p)","Łódź","Łódź","łódzkie"
"94-213","Łódź","Polesie","Pługowa","1-19","Łódź","Łódź","łódzkie"
"94-329","Łódź","Polesie","Turniejowa","","Łódź","Łódź","łódzkie"
"92-223","Łódź","Widzew","Pograniczna","","Łódź","Łódź","łódzkie"
"92-518","Łódź","Widzew","Techniczna","","Łódź","Łódź","łódzkie"
"91-851","Łódź","Bałuty","Malarska","","Łódź","Łódź","łódzkie"
"91-836","Łódź","Bałuty","Zielna","10-DK(p)","Łódź","Łódź","łódzkie"
"(adsbygoogle = window.adsbygoogle || []).push({});"
"93-438","Łódź","Górna","Rudzka","67-149(n), 100-176(p)","Łódź","Łódź","łódzkie"
"93-244","Łódź","Górna","Szymańskiego Edwarda","","Łódź","Łódź","łódzkie"
"91-849","Łódź","Bałuty","Brudzińskiego Józefa","","Łódź","Łódź","łódzkie"
"91-117","Łódź","Bałuty","Klaretyńska","","Łódź","Łódź","łódzkie"
"90-103","Łódź","Śródmieście","Piotrkowska","86-98(p)","Łódź","Łódź","łódzkie"
"92-219","Łódź","Widzew","Antoniewska","","Łódź","Łódź","łódzkie"
"92-306","Łódź","Widzew","Jurczyńskiego Juliusza","","Łódź","Łódź","łódzkie"
"93-457","Łódź","Górna","Pabianicka","215-255(n), 224-302(p)","Łódź","Łódź","łódzkie"
"93-240","Łódź","Górna","Przyjacielska","1-8","Łódź","Łódź","łódzkie"
"94-234","Łódź","Polesie","Podchorążych","1-97(n), 2-130(p)","Łódź","Łódź","łódzkie"
"(adsbygoogle = window.adsbygoogle || []).push({});"
"94-021","Łódź","Polesie","Unii Lubelskiej Al.","1-5(n)","Łódź","Łódź","łódzkie"
"92-774","Łódź","Widzew","Pomarańczowa","","Łódź","Łódź","łódzkie"
"92-016","Łódź","Widzew","Telefoniczna","25-71(n), 30-66(p)","Łódź","Łódź","łódzkie"
"91-328","Łódź","Bałuty","Malborska","","Łódź","Łódź","łódzkie"
"91-817","Łódź","Bałuty","Zielna","1-DK(n), 2-8(p)","Łódź","Łódź","łódzkie"
"93-368","Łódź","Górna","Rycerska","","Łódź","Łódź","łódzkie"
"93-018","Łódź","Górna","Szymonowicza Szymona","","Łódź","Łódź","łódzkie"
"91-341","Łódź","Bałuty","Brukowa","","Łódź","Łódź","łódzkie"
"91-521","Łódź","Bałuty","Klasyczna","","Łódź","Łódź","łódzkie"
"90-116","Łódź","Śródmieście","PKP Fabryczna Dworzec","","Łódź","Łódź","łódzkie"
"(adsbygoogle = window.adsbygoogle || []).push({});"
"92-411","Łódź","Widzew","Augustów","","Łódź","Łódź","łódzkie"
"92-237","Łódź","Widzew","Kazimierza","","Łódź","Łódź","łódzkie"
"93-506","Łódź","Górna","Pabianicka","23-45(n)","Łódź","Łódź","łódzkie"
"93-636","Łódź","Górna","Przyjacielska","9-DK","Łódź","Łódź","łódzkie"
"90-619","Łódź","Polesie","Pogonowskiego Stefana (Kapitana Stefana Pogonowskiego)","49-75","Łódź","Łódź","łódzkie"
"94-284","Łódź","Polesie","Upominkowa","","Łódź","Łódź","łódzkie"
"92-783","Łódź","Widzew","Pomidorowa","","Łódź","Łódź","łódzkie"
"92-101","Łódź","Widzew","Telefoniczna","68-76(p), 73-73a","Łódź","Łódź","łódzkie"
"91-043","Łódź","Bałuty","Malinowa","","Łódź","Łódź","łódzkie"
"91-210","Łódź","Bałuty","Ziemniaczana","","Łódź","Łódź","łódzkie"
"(adsbygoogle = window.adsbygoogle || []).push({});"
"93-431","Łódź","Górna","Rzeczowa","","Łódź","Łódź","łódzkie"
"93-155","Łódź","Górna","Śląska","1-21(n), 2-60(p)","Łódź","Łódź","łódzkie"
"91-183","Łódź","Bałuty","Brukselska","","Łódź","Łódź","łódzkie"
"91-156","Łódź","Bałuty","Klinowa","","Łódź","Łódź","łódzkie"
"90-116","Łódź","Śródmieście","PKS Fabryczna Dworzec","","Łódź","Łódź","łódzkie"
"92-413","Łódź","Widzew","Bacewicz Grażyny","","Łódź","Łódź","łódzkie"
"92-638","Łódź","Widzew","Kątna","","Łódź","Łódź","łódzkie"
"93-513","Łódź","Górna","Pabianicka","26-62a(p)","Łódź","Łódź","łódzkie"
"93-440","Łódź","Górna","Przyjemna","","Łódź","Łódź","łódzkie"
"94-230","Łódź","Polesie","Poniatowskiego Józefa (Księcia Józefa Poniatowskiego)","","Łódź","Łódź","łódzkie"
"(adsbygoogle = window.adsbygoogle || []).push({});"
"94-325","Łódź","Polesie","Weteranów","","Łódź","Łódź","łódzkie"
"92-010","Łódź","Widzew","Pomorska","296-340(p), 311-415(n)","Łódź","Łódź","łódzkie"
"92-115","Łódź","Widzew","Telefoniczna","75-DK(n), 78-DK(p)","Łódź","Łódź","łódzkie"
"91-479","Łódź","Bałuty","Malwowa","7-DK(n), 12-DK(p)","Łódź","Łódź","łódzkie"
"91-172","Łódź","Bałuty","Zimna Woda","","Łódź","Łódź","łódzkie"
"93-172","Łódź","Górna","Rzgowska","10-66(p)","Łódź","Łódź","łódzkie"
"93-257","Łódź","Górna","Śląska","23-43(n), 72a-82(p)","Łódź","Łódź","łódzkie"
"91-495","Łódź","Bałuty","Brzegowa","","Łódź","Łódź","łódzkie"
"91-039","Łódź","Bałuty","Klonowa","2-42(p)","Łódź","Łódź","łódzkie"
"90-243","Łódź","Śródmieście","Pokoju Pl.","1-2","Łódź","Łódź","łódzkie"
"(adsbygoogle = window.adsbygoogle || []).push({});"
"92-123","Łódź","Widzew","Bachledy Klimka","","Łódź","Łódź","łódzkie"
"92-104","Łódź","Widzew","Kerna Andrzeja","","Łódź","Łódź","łódzkie"
"93-548","Łódź","Górna","Pabianicka","47-67(n), 64-100(p)","Łódź","Łódź","łódzkie"
"93-345","Łódź","Górna","Przyrzeczna","","Łódź","Łódź","łódzkie"
"90-554","Łódź","Polesie","Poniatowskiego Józefa Park (Księcia Józefa Poniatowskiego)","","Łódź","Łódź","łódzkie"
"90-734","Łódź","Polesie","Więckowskiego Stanisława (Pułkownika Doktora Stanisława Więckowskiego)","33-43(n), 36-46(p)","Łódź","Łódź","łódzkie"
"92-735","Łódź","Widzew","Pomorska","342-DK(p), 417-DK(n)","Łódź","Łódź","łódzkie"
"92-236","Łódź","Widzew","Teodora","","Łódź","Łódź","łódzkie"
"91-505","Łódź","Bałuty","Marczyńskich Kazimiery i Jana","","Łódź","Łódź","łódzkie"
"91-364","Łódź","Bałuty","Ziołowa","","Łódź","Łódź","łódzkie"
"(adsbygoogle = window.adsbygoogle || []).push({});"
"93-367","Łódź","Górna","Rzgowska","125-129(n)","Łódź","Łódź","łódzkie"
"93-237","Łódź","Górna","Śląska","45-DK(n), 84-DK(p)","Łódź","Łódź","łódzkie"
"91-365","Łódź","Bałuty","Brzoskwiniowa","","Łódź","Łódź","łódzkie"
"91-230","Łódź","Bałuty","Kłosowa","","Łódź","Łódź","łódzkie"
"90-227","Łódź","Śródmieście","Pokoju Pl.","3-DK","Łódź","Łódź","łódzkie"
"92-540","Łódź","Widzew","Bartoka Beli","43-45(n)","Łódź","Łódź","łódzkie"
"92-431","Łódź","Widzew","Ketlinga","","Łódź","Łódź","łódzkie"
"93-486","Łódź","Górna","Pabianicka","69-87(n), 102-126(p)","Łódź","Łódź","łódzkie"
"93-473","Łódź","Górna","Przystań","","Łódź","Łódź","łódzkie"
"94-334","Łódź","Polesie","Pontonowa","","Łódź","Łódź","łódzkie"
"(adsbygoogle = window.adsbygoogle || []).push({});"
"90-747","Łódź","Polesie","Więckowskiego Stanisława (Pułkownika Doktora Stanisława Więckowskiego)","53-71(n)","Łódź","Łódź","łódzkie"
"90-328","Łódź","Widzew","Popowskiego Stanisława","","Łódź","Łódź","łódzkie"
"92-612","Łódź","Widzew","Tołstoja Lwa","","Łódź","Łódź","łódzkie"
"91-610","Łódź","Bałuty","Marmurowa","","Łódź","Łódź","łódzkie"
"91-804","Łódź","Bałuty","Złotnicza","1-DK(n)","Łódź","Łódź","łódzkie"
"93-002","Łódź","Górna","Rzgowska","1-5(n), 2-8(p)","Łódź","Łódź","łódzkie"
"93-281","Łódź","Górna","Śmigłego-Rydza Edwarda Al. (Marszałka Edwarda Śmigłego-Rydza)","20-28(p), 21","Łódź","Łódź","łódzkie"
"91-321","Łódź","Bałuty","Brzóski Stanisława (Księdza Stanisława Brzóski)","32-34, 34a-48(p), 47-65(n)","Łódź","Łódź","łódzkie"
"91-347","Łódź","Bałuty","Kniaziewicza Karola (Generała Karola Kniaziewicza)","","Łódź","Łódź","łódzkie"
"90-123","Łódź","Śródmieście","Polskiej Organizacji Wojskowej","33-DK","Łódź","Łódź","łódzkie"
"(adsbygoogle = window.adsbygoogle || []).push({});"
"92-530","Łódź","Widzew","Bartoka Beli","71-DK(n)","Łódź","Łódź","łódzkie"
"92-433","Łódź","Widzew","Kmicica Andrzeja","","Łódź","Łódź","łódzkie"
"93-509","Łódź","Górna","Paderewskiego Ignacego","2-22(p), 21-31(n)","Łódź","Łódź","łódzkie"
"93-552","Łódź","Górna","Przyszkole","11-DK(n), 26-44/56(p)","Łódź","Łódź","łódzkie"
"94-053","Łódź","Polesie","Popiełuszki Jerzego (Księdza Jerzego Popiełuszki)","32-DK(p), 37-DK(n)","Łódź","Łódź","łódzkie"
"90-748","Łódź","Polesie","Więckowskiego Stanisława (Pułkownika Doktora Stanisława Więckowskiego)","66-72(p)","Łódź","Łódź","łódzkie"
"92-111","Łódź","Widzew","Powstańców Śląskich","","Łódź","Łódź","łódzkie"
"92-409","Łódź","Widzew","Trakcyjna","","Łódź","Łódź","łódzkie"
"91-850","Łódź","Bałuty","Marynarska","39-DK(n), 56-DK(p)","Łódź","Łódź","łódzkie"
"91-719","Łódź","Bałuty","Zmienna","","Łódź","Łódź","łódzkie"
"(adsbygoogle = window.adsbygoogle || []).push({});"
"93-317","Łódź","Górna","Rzgowska","196-242(p), 207-247(n)","Łódź","Łódź","łódzkie"
"93-280","Łódź","Górna","Śmigłego-Rydza Edwarda Al. (Marszałka Edwarda Śmigłego-Rydza)","41, 62-78(p)","Łódź","Łódź","łódzkie"
"91-324","Łódź","Bałuty","Brzóski Stanisława (Księdza Stanisława Brzóski)","73, 84-86(p)","Łódź","Łódź","łódzkie"
"91-469","Łódź","Bałuty","Kochanowskiego Jana","","Łódź","Łódź","łódzkie"
"90-202","Łódź","Śródmieście","Pomorska","11-29(n)","Łódź","Łódź","łódzkie"
"92-301","Łódź","Widzew","Batorego Stefana","1-13","Łódź","Łódź","łódzkie"
"92-117","Łódź","Widzew","Kmiecia","","Łódź","Łódź","łódzkie"
"93-523","Łódź","Górna","Paderewskiego Ignacego","33-51(n)","Łódź","Łódź","łódzkie"
"93-549","Łódź","Górna","Przyszkole","2-24(p)","Łódź","Łódź","łódzkie"
"94-203","Łódź","Polesie","Praussa Ksawerego","","Łódź","Łódź","łódzkie"
"(adsbygoogle = window.adsbygoogle || []).push({});"
"94-029","Łódź","Polesie","Wileńska","2-32(p), 37","Łódź","Łódź","łódzkie"
"92-109","Łódź","Widzew","Prezydenta","","Łódź","Łódź","łódzkie"
"92-403","Łódź","Widzew","Tranzytowa","","Łódź","Łódź","łódzkie"
"91-802","Łódź","Bałuty","Marysińska","1-34","Łódź","Łódź","łódzkie"
"91-735","Łódź","Bałuty","Źródłowa","","Łódź","Łódź","łódzkie"
"93-160","Łódź","Górna","Rzgowska","68-76(p)","Łódź","Łódź","łódzkie"
"93-272","Łódź","Górna","Śmigłego-Rydza Edwarda Al. (Marszałka Edwarda Śmigłego-Rydza)","43-DK(n)","Łódź","Łódź","łódzkie"
"91-481","Łódź","Bałuty","Bukowa","","Łódź","Łódź","łódzkie"
"91-849","Łódź","Bałuty","Kolińskiego Józefa (Doktora Józefa Kolińskiego)","","Łódź","Łódź","łódzkie"
"91-403","Łódź","Śródmieście","Pomorska","114-136(p)","Łódź","Łódź","łódzkie"
"(adsbygoogle = window.adsbygoogle || []).push({});"
"92-322","Łódź","Widzew","Bawełniana","","Łódź","Łódź","łódzkie"
"92-514","Łódź","Widzew","Kolbego Maksymiliana Al. (Świętego Maksymiliana Kolbego)","","Łódź","Łódź","łódzkie"
"93-359","Łódź","Górna","Pałacowa","","Łódź","Łódź","łódzkie"
"93-439","Łódź","Górna","Purpurowa","","Łódź","Łódź","łódzkie"
"94-312","Łódź","Polesie","Prochowa","","Łódź","Łódź","łódzkie"
"94-016","Łódź","Polesie","Wileńska","39-69(n)","Łódź","Łódź","łódzkie"
"92-643","Łódź","Widzew","Przedszkolna","","Łódź","Łódź","łódzkie"
"92-704","Łódź","Widzew","Trzykrotki","","Łódź","Łódź","łódzkie"
"91-854","Łódź","Bałuty","Marysińska","90-90d","Łódź","Łódź","łódzkie"
"91-219","Łódź","Bałuty","Żabieniec","56-DK(p), 63-DK(n)","Łódź","Łódź","łódzkie"
"(adsbygoogle = window.adsbygoogle || []).push({});"
"93-469","Łódź","Górna","Sanitariuszek","","Łódź","Łódź","łódzkie"
"93-368","Łódź","Górna","Średnia","","Łódź","Łódź","łódzkie"
"91-531","Łódź","Bałuty","Bursztynowa","","Łódź","Łódź","łódzkie"
"91-232","Łódź","Bałuty","Kompostowa","","Łódź","Łódź","łódzkie"
"90-236","Łódź","Śródmieście","Pomorska","141-185(n)","Łódź","Łódź","łódzkie"
"91-612","Łódź","Widzew","Beskidzka","1-38","Łódź","Łódź","łódzkie"
"92-648","Łódź","Widzew","Kolorowa","","Łódź","Łódź","łódzkie"
"93-345","Łódź","Górna","Paradna","1-60, 64-68(p)","Łódź","Łódź","łódzkie"
"93-466","Łódź","Górna","Pusta","","Łódź","Łódź","łódzkie"
"90-713","Łódź","Polesie","Próchnika Adama","34-DK(p)","Łódź","Łódź","łódzkie"
"(adsbygoogle = window.adsbygoogle || []).push({});"
"94-036","Łódź","Polesie","Wioślarska","","Łódź","Łódź","łódzkie"
"90-034","Łódź","Widzew","Przędzalniana","1-25","Łódź","Łódź","łódzkie"
"92-237","Łódź","Widzew","Tunelowa","","Łódź","Łódź","łódzkie"
"91-849","Łódź","Bałuty","Marysińska","91-DK(n)","Łódź","Łódź","łódzkie"
"91-474","Łódź","Bałuty","Żarnowcowa","1-7(n), 2-10(p)","Łódź","Łódź","łódzkie"
"93-031","Łódź","Górna","Sanocka","2-36(p)","Łódź","Łódź","łódzkie"
"93-351","Łódź","Górna","Świecka","","Łódź","Łódź","łódzkie"
"91-728","Łódź","Bałuty","Bystrzycka","","Łódź","Łódź","łódzkie"
"91-166","Łódź","Bałuty","Komputerowa","","Łódź","Łódź","łódzkie"
"90-201","Łódź","Śródmieście","Pomorska","1-9(n)","Łódź","Łódź","łódzkie"
"(adsbygoogle = window.adsbygoogle || []).push({});"
"91-610","Łódź","Widzew","Beskidzka","79-DK(n), 82-DK(p)","Łódź","Łódź","łódzkie"
"92-622","Łódź","Widzew","Konfederatów Barskich","","Łódź","Łódź","łódzkie"
"93-015","Łódź","Górna","Piaseczna","","Łódź","Łódź","łódzkie"
"93-479","Łódź","Górna","Pustynna","","Łódź","Łódź","łódzkie"
"94-045","Łódź","Polesie","Przełajowa","1-DK(n)","Łódź","Łódź","łódzkie"
"94-113","Łódź","Polesie","Władysława Króla","59-DK(n), 74-DK(p)","Łódź","Łódź","łódzkie"
"93-279","Łódź","Widzew","Przędzalniana","152-DK(p), 175-DK(n)","Łódź","Łódź","łódzkie"
"92-309","Łódź","Widzew","Turza","","Łódź","Łódź","łódzkie"
"91-851","Łódź","Bałuty","Marysińska","92-DK(p)","Łódź","Łódź","łódzkie"
"91-479","Łódź","Bałuty","Żarnowcowa","9-DK(n), 12-DK(p)","Łódź","Łódź","łódzkie"
"(adsbygoogle = window.adsbygoogle || []).push({});"
"93-010","Łódź","Górna","Sanocka","38-DK(p)","Łódź","Łódź","łódzkie"
"93-485","Łódź","Górna","Świętego Franciszka z Asyżu","1-24","Łódź","Łódź","łódzkie"
"91-480","Łódź","Bałuty","Bzowa","","Łódź","Łódź","łódzkie"
"91-493","Łódź","Bałuty","Konarowa","","Łódź","Łódź","łódzkie"
"91-422","Łódź","Śródmieście","Pomorska","22-28(p)","Łódź","Łódź","łódzkie"
"92-223","Łódź","Widzew","Białoruska","","Łódź","Łódź","łódzkie"
"92-203","Łódź","Widzew","Konstytucyjna","42-DK(p), 47-DK(n)","Łódź","Łódź","łódzkie"
"93-229","Łódź","Górna","Piechala Mariana","","Łódź","Łódź","łódzkie"
"93-130","Łódź","Górna","Radomska","","Łódź","Łódź","łódzkie"
"91-089","Łódź","Polesie","Włókniarzy Al.","178-198(p), 183-189(n)","Łódź","Łódź","łódzkie"
"(adsbygoogle = window.adsbygoogle || []).push({});"
"90-030","Łódź","Widzew","Przędzalniana","38-42(p)","Łódź","Łódź","łódzkie"
"90-348","Łódź","Widzew","Tylna","5-8","Łódź","Łódź","łódzkie"
"91-180","Łódź","Bałuty","Masłochów Lone i Lucjana","","Łódź","Łódź","łódzkie"
"91-504","Łódź","Bałuty","Żucza","","Łódź","Łódź","łódzkie"
"93-357","Łódź","Górna","Sarmacka","16-DK(p), 19-DK(n)","Łódź","Łódź","łódzkie"
"93-463","Łódź","Górna","Świętojańska","16-20(p), 23-29(n)","Łódź","Łódź","łódzkie"
"91-867","Łódź","Bałuty","Cała","","Łódź","Łódź","łódzkie"
"91-177","Łódź","Bałuty","Kondka Wacława","","Łódź","Łódź","łódzkie"
"91-408","Łódź","Śródmieście","Pomorska","30-64(p)","Łódź","Łódź","łódzkie"
"92-437","Łódź","Widzew","Billewiczówny Oleńki","","Łódź","Łódź","łódzkie"
"(adsbygoogle = window.adsbygoogle || []).push({});"
"92-549","Łódź","Widzew","Koplowicza Abrama","","Łódź","Łódź","łódzkie"
"93-328","Łódź","Górna","Piesza","","Łódź","Łódź","łódzkie"
"93-459","Łódź","Górna","Redowa","","Łódź","Łódź","łódzkie"
"91-073","Łódź","Polesie","Włókniarzy Al.","200-206(p)","Łódź","Łódź","łódzkie"
"90-347","Łódź","Widzew","Przędzalniana","49-73(n)","Łódź","Łódź","łódzkie"
"90-324","Łódź","Widzew","Tylna","9-DK","Łódź","Łódź","łódzkie"
"91-161","Łódź","Bałuty","Mencla Bernarda Wojciecha","","Łódź","Łódź","łódzkie"
"91-003","Łódź","Bałuty","Żytnia","","Łódź","Łódź","łódzkie"
"93-436","Łódź","Górna","Scaleniowa","","Łódź","Łódź","łódzkie"
"93-493","Łódź","Górna","Świętojańska","4-15, 17-21(n)","Łódź","Łódź","łódzkie"
"(adsbygoogle = window.adsbygoogle || []).push({});"
"91-601","Łódź","Bałuty","Centralna","26-38(p)","Łódź","Łódź","łódzkie"
"91-604","Łódź","Bałuty","Koniakowska","","Łódź","Łódź","łódzkie"
"91-430","Łódź","Bałuty","Pacanowskiej Zuli","2-DK(p)","Łódź","Łódź","łódzkie"
"92-617","Łódź","Widzew","Boguszewskiej Heleny","","Łódź","Łódź","łódzkie"
"92-432","Łódź","Widzew","Korfantego Wojciecha","","Łódź","Łódź","łódzkie"
"93-434","Łódź","Górna","Pikowa","","Łódź","Łódź","łódzkie"
"93-472","Łódź","Górna","Reduta","","Łódź","Łódź","łódzkie"
"94-259","Łódź","Polesie","Wojskowa","","Łódź","Łódź","łódzkie"
"92-423","Łódź","Widzew","Przybyszewskiego Stanisława","268-DK(p), 327-DK(n)","Łódź","Łódź","łódzkie"
"92-712","Łódź","Widzew","Tymiankowa","","Łódź","Łódź","łódzkie"
"(adsbygoogle = window.adsbygoogle || []).push({});"
"91-812","Łódź","Bałuty","Mianowskiego Józefa","","Łódź","Łódź","łódzkie"
"93-448","Łódź","Górna","Albańska","","Łódź","Łódź","łódzkie"
"93-342","Łódź","Górna","Sczanieckiej Emilii","","Łódź","Łódź","łódzkie"
"93-503","Łódź","Górna","Tagore'a Rabindranatha","","Łódź","Łódź","łódzkie"
"91-503","Łódź","Bałuty","Centralna","40-DK(p)","Łódź","Łódź","łódzkie"
"91-356","Łódź","Bałuty","Koniczynowa","","Łódź","Łódź","łódzkie"
"91-859","Łódź","Bałuty","Pamięci Ofiar Litzmannstadt Getto Al.","","Łódź","Łódź","łódzkie"
"92-414","Łódź","Widzew","Bolesława Szczodrego","","Łódź","Łódź","łódzkie"
"92-719","Łódź","Widzew","Korsykańska","","Łódź","Łódź","łódzkie"
"93-034","Łódź","Górna","Piotrkowska","280-288(p)","Łódź","Łódź","łódzkie"
"(adsbygoogle = window.adsbygoogle || []).push({});"
"93-425","Łódź","Górna","Rejonowa","","Łódź","Łódź","łódzkie"
"93-569","Łódź","Polesie","Wołowa","","Łódź","Łódź","łódzkie"
"92-339","Łódź","Widzew","Przybyszewskiego Stanisława","279-325(n)","Łódź","Łódź","łódzkie"
"90-349","Łódź","Widzew","Tymienieckiego Wincentego (Księdza Biskupa Wincentego Tymienieckiego)","15-21(n), 18-26(p)","Łódź","Łódź","łódzkie"
"91-160","Łódź","Bałuty","Micińskiego Tadeusza","","Łódź","Łódź","łódzkie"
"93-412","Łódź","Górna","Alojzego","","Łódź","Łódź","łódzkie"
"93-021","Łódź","Górna","Sejmowa","11-DK","Łódź","Łódź","łódzkie"
"93-458","Łódź","Górna","Tczewska","","Łódź","Łódź","łódzkie"
"91-480","Łódź","Bałuty","Chabrowa","","Łódź","Łódź","łódzkie"
"91-533","Łódź","Bałuty","Korczyńskiego Andrzeja","","Łódź","Łódź","łódzkie"
"(adsbygoogle = window.adsbygoogle || []).push({});"
"91-348","Łódź","Bałuty","Pancerna","","Łódź","Łódź","łódzkie"
"92-414","Łódź","Widzew","Bolka Świdnickiego","","Łódź","Łódź","łódzkie"
"92-411","Łódź","Widzew","Kosodrzewiny","","Łódź","Łódź","łódzkie"
"93-035","Łódź","Górna","Piotrkowska","317-DK(n)","Łódź","Łódź","łódzkie"
"93-474","Łódź","Górna","Reymonta Władysława","22-54a(p), 25-73(n)","Łódź","Łódź","łódzkie"
"94-304","Łódź","Polesie","Woodrowa Wilsona Thomasa","","Łódź","Łódź","łódzkie"
"92-013","Łódź","Widzew","Pszczyńska","","Łódź","Łódź","łódzkie"
"90-350","Łódź","Widzew","Tymienieckiego Wincentego (Księdza Biskupa Wincentego Tymienieckiego)","23-27(n), 28-38(p)","Łódź","Łódź","łódzkie"
"91-358","Łódź","Bałuty","Migdałowa","","Łódź","Łódź","łódzkie"
"93-439","Łódź","Górna","Altanowa","","Łódź","Łódź","łódzkie"
"(adsbygoogle = window.adsbygoogle || []).push({});"
"93-192","Łódź","Górna","Senatorska","","Łódź","Łódź","łódzkie"
"93-154","Łódź","Górna","Tetmajera Kazimierza","","Łódź","Łódź","łódzkie"
"91-168","Łódź","Bałuty","Chemiczna","","Łódź","Łódź","łódzkie"
"91-493","Łódź","Bałuty","Koronna","","Łódź","Łódź","łódzkie"
"91-140","Łódź","Bałuty","Pasjonistów Al.","","Łódź","Łódź","łódzkie"
"92-216","Łódź","Widzew","Borowiakowej Tekli","","Łódź","Łódź","łódzkie"
"92-427","Łódź","Widzew","Kowalskiego Rocha","","Łódź","Łódź","łódzkie"
"93-446","Łódź","Górna","Placowa","","Łódź","Łódź","łódzkie"
"93-491","Łódź","Górna","Reymonta Władysława","3-21(n), 6-20(p)","Łódź","Łódź","łódzkie"
"90-521","Łódź","Polesie","Wólczańska","101-131(n)","Łódź","Łódź","łódzkie"
"(adsbygoogle = window.adsbygoogle || []).push({});"
"92-407","Łódź","Widzew","Puchalskiego Włodzimierza","","Łódź","Łódź","łódzkie"
"92-754","Łódź","Widzew","Viewegera Teodora","","Łódź","Łódź","łódzkie"
"91-603","Łódź","Bałuty","Mineralna","","Łódź","Łódź","łódzkie"
"93-262","Łódź","Górna","Anczyca Władysława","","Łódź","Łódź","łódzkie"
"93-143","Łódź","Górna","Siarczana","","Łódź","Łódź","łódzkie"
"93-235","Łódź","Górna","Tomaszowska","30-76(p), 47-75(n)","Łódź","Łódź","łódzkie"
"91-221","Łódź","Bałuty","Chlebowa","","Łódź","Łódź","łódzkie"
"91-521","Łódź","Bałuty","Koryncka","","Łódź","Łódź","łódzkie"
"91-226","Łódź","Bałuty","Pastelowa","","Łódź","Łódź","łódzkie"
"92-776","Łódź","Widzew","Brzezińska","245-DK(n), 284-288(p)","Łódź","Łódź","łódzkie"
"(adsbygoogle = window.adsbygoogle || []).push({});"
"92-608","Łódź","Widzew","Kownackiej Marii","","Łódź","Łódź","łódzkie"
"93-436","Łódź","Górna","Plażowa","","Łódź","Łódź","łódzkie"
"93-464","Łódź","Górna","Reymonta Władysława","58-68(p), 83-85(n)","Łódź","Łódź","łódzkie"
"90-531","Łódź","Polesie","Wólczańska","191-209(n)","Łódź","Łódź","łódzkie"
"92-516","Łódź","Widzew","Puszkina Aleksandra","","Łódź","Łódź","łódzkie"
"93-118","Łódź","Widzew","Wacława","","Łódź","Łódź","łódzkie"
"91-504","Łódź","Bałuty","Miodowa","","Łódź","Łódź","łódzkie"
"93-449","Łódź","Górna","Anieli","","Łódź","Łódź","łódzkie"
"93-137","Łódź","Górna","Siemiradzkiego Henryka","","Łódź","Łódź","łódzkie"
"93-635","Łódź","Górna","Tomaszowska","77-DK","Łódź","Łódź","łódzkie"
"(adsbygoogle = window.adsbygoogle || []).push({});"
"91-432","Łódź","Bałuty","Chłodna","","Łódź","Łódź","łódzkie"
"91-857","Łódź","Bałuty","Korzenna","","Łódź","Łódź","łódzkie"
"91-050","Łódź","Bałuty","Pawia","","Łódź","Łódź","łódzkie"
"92-751","Łódź","Widzew","Chałasińskiego Józefa","","Łódź","Łódź","łódzkie"
"92-101","Łódź","Widzew","Krokusowa","","Łódź","Łódź","łódzkie"
"93-134","Łódź","Górna","Płocka","","Łódź","Łódź","łódzkie"
"93-003","Łódź","Górna","Reymonta Władysława Stanisława Pl.","","Łódź","Łódź","łódzkie"
"93-035","Łódź","Polesie","Wólczańska","241-DK(n), 252-DK(p)","Łódź","Łódź","łódzkie"
"92-752","Łódź","Widzew","Raciborskiego Mariana","","Łódź","Łódź","łódzkie"
"92-226","Łódź","Widzew","Wagonowa","","Łódź","Łódź","łódzkie"
"(adsbygoogle = window.adsbygoogle || []).push({});"
"91-823","Łódź","Bałuty","Młynarska","1-39(n), 2-36(p)","Łódź","Łódź","łódzkie"
"93-380","Łódź","Górna","Antenowa","35-DK(n), 44-DK(p)","Łódź","Łódź","łódzkie"
"93-353","Łódź","Górna","Skalskiego Stanisława","","Łódź","Łódź","łódzkie"
"93-478","Łódź","Górna","Torfowa","","Łódź","Łódź","łódzkie"
"91-202","Łódź","Bałuty","Chłopska","","Łódź","Łódź","łódzkie"
"91-437","Łódź","Bałuty","Kościelna","2-DK(p)","Łódź","Łódź","łódzkie"
"91-529","Łódź","Bałuty","Piaskowa","","Łódź","Łódź","łódzkie"
"92-109","Łódź","Widzew","Chałubińskiego Tytusa (Doktora Tytusa Chałubińskiego)","","Łódź","Łódź","łódzkie"
"92-624","Łódź","Widzew","Kronikarska","","Łódź","Łódź","łódzkie"
"93-424","Łódź","Górna","Płomienna","","Łódź","Łódź","łódzkie"
"(adsbygoogle = window.adsbygoogle || []).push({});"
"93-277","Łódź","Górna","Rodakowskiego Henryka","","Łódź","Łódź","łódzkie"
"90-607","Łódź","Polesie","Wólczańska","25-37(n)","Łódź","Łódź","łódzkie"
"92-117","Łódź","Widzew","Reglowa","","Łódź","Łódź","łódzkie"
"92-301","Łódź","Widzew","Wałowa","1-16","Łódź","Łódź","łódzkie"
"91-487","Łódź","Bałuty","Modrzewiowa","","Łódź","Łódź","łódzkie"
"93-493","Łódź","Górna","Antoniny","","Łódź","Łódź","łódzkie"
"93-323","Łódź","Górna","Skupiona","","Łódź","Łódź","łódzkie"
"93-327","Łódź","Górna","Torowa","","Łódź","Łódź","łódzkie"
"91-230","Łódź","Bałuty","Chochoła","","Łódź","Łódź","łódzkie"
"91-444","Łódź","Bałuty","Kościelny Pl.","","Łódź","Łódź","łódzkie"
"(adsbygoogle = window.adsbygoogle || []).push({});"
"91-867","Łódź","Bałuty","Pierwiosnków","","Łódź","Łódź","łódzkie"
"92-625","Łódź","Widzew","Chmielna","","Łódź","Łódź","łódzkie"
"92-445","Łódź","Widzew","Króla Bolesława Śmiałego","","Łódź","Łódź","łódzkie"
"93-278","Łódź","Górna","Podgórna","1-34","Łódź","Łódź","łódzkie"
"93-503","Łódź","Górna","Rogozińskiego Stefana","1-13a(n), 2-6(p)","Łódź","Łódź","łódzkie"
"90-515","Łódź","Polesie","Wólczańska","71-99(n)","Łódź","Łódź","łódzkie"
"92-412","Łódź","Widzew","Rokicińska","123-191(n), 140-216(p)","Łódź","Łódź","łódzkie"
"92-315","Łódź","Widzew","Wałowa","17-DK","Łódź","Łódź","łódzkie"
"91-864","Łódź","Bałuty","Morelowa","","Łódź","Łódź","łódzkie"
"93-481","Łódź","Górna","Arabska","","Łódź","Łódź","łódzkie"
"(adsbygoogle = window.adsbygoogle || []).push({});"
"93-434","Łódź","Górna","Sławna","","Łódź","Łódź","łódzkie"
"93-632","Łódź","Górna","Transportowa","","Łódź","Łódź","łódzkie"
"91-458","Łódź","Bałuty","Chopina Fryderyka","1-49(n), 2-38(p)","Łódź","Łódź","łódzkie"
"91-843","Łódź","Bałuty","Kowalska","","Łódź","Łódź","łódzkie"
"91-323","Łódź","Bałuty","Piotrowiczowej Marii","","Łódź","Łódź","łódzkie"
"92-515","Łódź","Widzew","Chmielowskiego Alberta (Świętego Brata Alberta Chmielowskiego)","","Łódź","Łódź","łódzkie"
"92-119","Łódź","Widzew","Krupówki","","Łódź","Łódź","łódzkie"
"93-224","Łódź","Górna","Podhalańska","","Łódź","Łódź","łódzkie"
"93-554","Łódź","Górna","Rogozińskiego Stefana","8-DK(p), 15-DK(n)","Łódź","Łódź","łódzkie"
"93-590","Łódź","Polesie","Wróblewskiego Walerego","11-15(n)","Łódź","Łódź","łódzkie"
"(adsbygoogle = window.adsbygoogle || []).push({});"
"92-302","Łódź","Widzew","Rokicińska","2-138(p)","Łódź","Łódź","łódzkie"
"92-108","Łódź","Widzew","Wąwozowa","","Łódź","Łódź","łódzkie"
"91-362","Łódź","Bałuty","Motylowa","","Łódź","Łódź","łódzkie"
"93-533","Łódź","Górna","Astronautów","","Łódź","Łódź","łódzkie"
"93-177","Łódź","Górna","Słowackiego Juliusza","1-15","Łódź","Łódź","łódzkie"
"93-428","Łódź","Górna","Treflowa","","Łódź","Łódź","łódzkie"
"91-527","Łódź","Bałuty","Chromowa","","Łódź","Łódź","łódzkie"
"91-605","Łódź","Bałuty","Krajobrazowa","","Łódź","Łódź","łódzkie"
"91-104","Łódź","Bałuty","Plantowa","","Łódź","Łódź","łódzkie"
"92-309","Łódź","Widzew","Cicha","","Łódź","Łódź","łódzkie"
"(adsbygoogle = window.adsbygoogle || []).push({});"
"92-009","Łódź","Widzew","Krzemieniowa","","Łódź","Łódź","łódzkie"
"93-165","Łódź","Górna","Podmiejska","","Łódź","Łódź","łódzkie"
"93-328","Łódź","Górna","Rolnicza","1-52, 54-56(p), 64-DK","Łódź","Łódź","łódzkie"
"94-039","Łódź","Polesie","Wróblewskiego Walerego","126-DK(p)","Łódź","Łódź","łódzkie"
"92-602","Łódź","Widzew","Rokicińska","446-490(p)","Łódź","Łódź","łódzkie"
"92-629","Łódź","Widzew","Wernyhory","","Łódź","Łódź","łódzkie"
"91-469","Łódź","Bałuty","Murarska","17-39(n), 20-46(p)","Łódź","Łódź","łódzkie"
"93-404","Łódź","Górna","Astronomiczna","","Łódź","Łódź","łódzkie"
"93-165","Łódź","Górna","Słowackiego Juliusza","16-DK","Łódź","Łódź","łódzkie"
"93-423","Łódź","Górna","Trudna","","Łódź","Łódź","łódzkie"
"(adsbygoogle = window.adsbygoogle || []).push({});"
"91-603","Łódź","Bałuty","Cynowa","","Łódź","Łódź","łódzkie"
"91-221","Łódź","Bałuty","Krajowa","","Łódź","Łódź","łódzkie"
"91-762","Łódź","Bałuty","Plater Emilii","13-39(n), 18-34(p)","Łódź","Łódź","łódzkie"
"92-729","Łódź","Widzew","Cypryjska","","Łódź","Łódź","łódzkie"
"92-122","Łódź","Widzew","Krzeptowskiego Józefa","","Łódź","Łódź","łódzkie"
"93-464","Łódź","Górna","Podmokła","","Łódź","Łódź","łódzkie"
"93-370","Łódź","Górna","Romana","","Łódź","Łódź","łódzkie"
"94-035","Łódź","Polesie","Wróblewskiego Walerego","43-67(n), 96-124(p)","Łódź","Łódź","łódzkie"
"92-726","Łódź","Widzew","Rozmarynowa","","Łódź","Łódź","łódzkie"
"92-005","Łódź","Widzew","Wichrowa","","Łódź","Łódź","łódzkie"
"(adsbygoogle = window.adsbygoogle || []).push({});"
"91-858","Łódź","Bałuty","Narcyzowa","","Łódź","Łódź","łódzkie"
"93-443","Łódź","Górna","Atutowa","","Łódź","Łódź","łódzkie"
"93-101","Łódź","Górna","Słowiańska","","Łódź","Łódź","łódzkie"
"93-535","Łódź","Górna","Trwała","","Łódź","Łódź","łódzkie"
"91-365","Łódź","Bałuty","Cyprysowa","","Łódź","Łódź","łódzkie"
"91-504","Łódź","Bałuty","Krasnoludków","","Łódź","Łódź","łódzkie"
"91-748","Łódź","Bałuty","Plater Emilii","1-5(n), 2-8(p)","Łódź","Łódź","łódzkie"
"92-511","Łódź","Widzew","Czajkowskiego Piotra","","Łódź","Łódź","łódzkie"
"92-442","Łódź","Widzew","Książąt Polskich Al.","","Łódź","Łódź","łódzkie"
"93-439","Łódź","Górna","Polesie","","Łódź","Łódź","łódzkie"
"(adsbygoogle = window.adsbygoogle || []).push({});"
"93-229","Łódź","Górna","Rosseta Edwarda (Profesora Edwarda Rosseta)","","Łódź","Łódź","łódzkie"
"94-032","Łódź","Polesie","Wróblewskiego Walerego","69-DK(n)","Łódź","Łódź","łódzkie"
"93-217","Łódź","Widzew","Rudnickiego Lucjana","","Łódź","Łódź","łódzkie"
"92-308","Łódź","Widzew","Widzewska","20-DK","Łódź","Łódź","łódzkie"
"91-030","Łódź","Bałuty","Narodowa","","Łódź","Łódź","łódzkie"
"93-332","Łódź","Górna","Bałtycka","","Łódź","Łódź","łódzkie"
"93-457","Łódź","Górna","Słupska","","Łódź","Łódź","łódzkie"
"93-355","Łódź","Górna","Tuszyńska","134-DK(p), 165-DK(n)","Łódź","Łódź","łódzkie"
"91-605","Łódź","Bałuty","Cyrkonii","","Łódź","Łódź","łódzkie"
"91-613","Łódź","Bałuty","Kraterowa","","Łódź","Łódź","łódzkie"
"(adsbygoogle = window.adsbygoogle || []).push({});"
"91-601","Łódź","Bałuty","Platynowa","","Łódź","Łódź","łódzkie"
"92-116","Łódź","Widzew","Czecha Bronisława","","Łódź","Łódź","łódzkie"
"92-414","Łódź","Widzew","Księżnej Kingi","","Łódź","Łódź","łódzkie"
"93-557","Łódź","Górna","Politechniki Al.","25-31(n), 46-54(p)","Łódź","Łódź","łódzkie"
"93-352","Łódź","Górna","Roszkowskiego Lechosława","","Łódź","Łódź","łódzkie"
"94-242","Łódź","Polesie","Wykowa","","Łódź","Łódź","łódzkie"
"92-629","Łódź","Widzew","Rzepichy","","Łódź","Łódź","łódzkie"
"92-632","Łódź","Widzew","Wieńcowa","","Łódź","Łódź","łódzkie"
"91-496","Łódź","Bałuty","Nastrojowa","","Łódź","Łódź","łódzkie"
"93-153","Łódź","Górna","Bankowa","","Łódź","Łódź","łódzkie"
"(adsbygoogle = window.adsbygoogle || []).push({});"
"93-153","Łódź","Górna","Tuszyńska","56, 69","Łódź","Łódź","łódzkie"
"91-306","Łódź","Bałuty","Czarna","","Łódź","Łódź","łódzkie"
"91-510","Łódź","Bałuty","Krecia","","Łódź","Łódź","łódzkie"
"91-129","Łódź","Bałuty","Podborskiej Joasi Al.","","Łódź","Łódź","łódzkie"
"92-216","Łódź","Widzew","Czechosłowacka","1-8/10","Łódź","Łódź","łódzkie"
"92-010","Łódź","Widzew","Lawinowa","10-DK(p), 37-DK(n)","Łódź","Łódź","łódzkie"
"93-502","Łódź","Górna","Politechniki Al.","33-DK(n), 56-DK(p)","Łódź","Łódź","łódzkie"
"93-351","Łódź","Górna","Rozalii","","Łódź","Łódź","łódzkie"
"94-028","Łódź","Polesie","Wyspiańskiego Stanisława","","Łódź","Łódź","łódzkie"
"92-733","Łódź","Widzew","Sardyńska","","Łódź","Łódź","łódzkie"
"(adsbygoogle = window.adsbygoogle || []).push({});"
"92-009","Łódź","Widzew","Wierchowa","","Łódź","Łódź","łódzkie"
"91-187","Łódź","Bałuty","Niemena Czesława","","Łódź","Łódź","łódzkie"
"93-412","Łódź","Górna","Barwna","","Łódź","Łódź","łódzkie"
"93-368","Łódź","Górna","Tuszyńska","60-74a(p), 71-87(n)","Łódź","Łódź","łódzkie"
"91-818","Łódź","Bałuty","Czarnego Zawiszy","24-DK(p), 29-DK(n)","Łódź","Łódź","łódzkie"
"91-042","Łódź","Bałuty","Kruszwicka","","Łódź","Łódź","łódzkie"
"91-496","Łódź","Bałuty","Podleśna","","Łódź","Łódź","łódzkie"
"92-232","Łódź","Widzew","Czechosłowacka","34-DK(p), 39-DK(n)","Łódź","Łódź","łódzkie"
"92-512","Łódź","Widzew","Lermontowa Michała","","Łódź","Łódź","łódzkie"
"93-014","Łódź","Górna","Poprzeczna","","Łódź","Łódź","łódzkie"
"(adsbygoogle = window.adsbygoogle || []).push({});"
"93-464","Łódź","Górna","Równikowa","","Łódź","Łódź","łódzkie"
"94-051","Łódź","Polesie","Wyszyńskiego Stefana Al. (Księdza Kardynała Stefana Wyszyńskiego)","73-95(n)","Łódź","Łódź","łódzkie"
"92-327","Łódź","Widzew","Sarnia","","Łódź","Łódź","łódzkie"
"92-219","Łódź","Widzew","Wilanowska","","Łódź","Łódź","łódzkie"
"91-849","Łódź","Bałuty","Niemojewskiego Andrzeja","","Łódź","Łódź","łódzkie"
"93-479","Łódź","Górna","Basenowa","","Łódź","Łódź","łódzkie"
"93-376","Łódź","Górna","Tuszyńska","89-145(n)","Łódź","Łódź","łódzkie"
"91-844","Łódź","Bałuty","Czarnieckiego Stefana","","Łódź","Łódź","łódzkie"
"91-457","Łódź","Bałuty","Krzyżowa","","Łódź","Łódź","łódzkie"
"91-437","Łódź","Bałuty","Podrzeczna","1-9(n)","Łódź","Łódź","łódzkie"
"(adsbygoogle = window.adsbygoogle || []).push({});"
"92-219","Łódź","Widzew","Czechosłowacka","9-37(n), 12-32(p)","Łódź","Łódź","łódzkie"
"92-414","Łódź","Widzew","Leszka Białego","","Łódź","Łódź","łódzkie"
"93-241","Łódź","Górna","Poselska","","Łódź","Łódź","łódzkie"
"93-579","Łódź","Górna","Różana","1-27(n), 2-6(p)","Łódź","Łódź","łódzkie"
"94-050","Łódź","Polesie","Wyszyńskiego Stefana Al. (Księdza Kardynała Stefana Wyszyńskiego)","86-108(p), 97-DK(n)","Łódź","Łódź","łódzkie"
"92-110","Łódź","Widzew","Sawickiej Hanki","","Łódź","Łódź","łódzkie"
"90-339","Łódź","Widzew","Wilcza","","Łódź","Łódź","łódzkie"
"91-061","Łódź","Bałuty","Nowomiejska","2-DK(p)","Łódź","Łódź","łódzkie"
"93-463","Łódź","Górna","Baśniowa","","Łódź","Łódź","łódzkie"
"93-358","Łódź","Górna","Ujazd","","Łódź","Łódź","łódzkie"
"(adsbygoogle = window.adsbygoogle || []).push({});"
"91-493","Łódź","Bałuty","Czarnoleska","","Łódź","Łódź","łódzkie"
"91-603","Łódź","Bałuty","Książka Antoniego","1-27(n), 2-22(p)","Łódź","Łódź","łódzkie"
"91-478","Łódź","Bałuty","Pogodna","","Łódź","Łódź","łódzkie"
"92-538","Łódź","Widzew","Czernika Stanisława","1-7(n)","Łódź","Łódź","łódzkie"
"92-314","Łódź","Widzew","Lewantyńska","","Łódź","Łódź","łódzkie"
"93-347","Łódź","Górna","Postępowa","","Łódź","Łódź","łódzkie"
"93-586","Łódź","Górna","Różyckiego Ludomira","","Łódź","Łódź","łódzkie"
"90-510","Łódź","Polesie","Zamenhofa Ludwika","11-20","Łódź","Łódź","łódzkie"
"92-228","Łódź","Widzew","Selekcyjna","","Łódź","Łódź","łódzkie"
"92-607","Łódź","Widzew","Winiarska","","Łódź","Łódź","łódzkie"
"(adsbygoogle = window.adsbygoogle || []).push({});"
"91-756","Łódź","Bałuty","Oblęgorska","","Łódź","Łódź","łódzkie"
"93-030","Łódź","Górna","Bednarska","11-21(n), 24-36(p)","Łódź","Łódź","łódzkie"
"93-490","Łódź","Górna","Ujście","","Łódź","Łódź","łódzkie"
"91-357","Łódź","Bałuty","Czereśniowa","","Łódź","Łódź","łódzkie"
"91-529","Łódź","Bałuty","Książka Antoniego","42-DK","Łódź","Łódź","łódzkie"
"91-323","Łódź","Bałuty","Pojezierska","1-29(n), 18-24(p)","Łódź","Łódź","łódzkie"
"92-545","Łódź","Widzew","Czernika Stanisława","20-DK","Łódź","Łódź","łódzkie"
"92-713","Łódź","Widzew","Lęborska","","Łódź","Łódź","łódzkie"
"93-426","Łódź","Górna","Posucha","","Łódź","Łódź","łódzkie"
"93-370","Łódź","Górna","Ruchliwa","","Łódź","Łódź","łódzkie"
"(adsbygoogle = window.adsbygoogle || []).push({});"
"90-547","Łódź","Polesie","Zamenhofa Ludwika","24-DK(p)","Łódź","Łódź","łódzkie"
"92-603","Łódź","Widzew","Serenady","","Łódź","Łódź","łódzkie"
"92-108","Łódź","Widzew","Wiślicka","","Łódź","Łódź","łódzkie"
"91-042","Łódź","Bałuty","Obornicka","4-8(p)","Łódź","Łódź","łódzkie"
"93-009","Łódź","Górna","Bednarska","1-9(n), 2-22(p)","Łódź","Łódź","łódzkie"
"93-031","Łódź","Górna","Unicka","1-DK(n)","Łódź","Łódź","łódzkie"
"91-864","Łódź","Bałuty","Daliowa","","Łódź","Łódź","łódzkie"
"91-601","Łódź","Bałuty","Księżycowa","","Łódź","Łódź","łódzkie"
"91-322","Łódź","Bałuty","Pojezierska","2-10(p)","Łódź","Łódź","łódzkie"
"93-115","Łódź","Widzew","Częstochowska","1-33(n), 2-30a(p)","Łódź","Łódź","łódzkie"
"(adsbygoogle = window.adsbygoogle || []).push({});"
"92-627","Łódź","Widzew","Liczyrzepy","","Łódź","Łódź","łódzkie"
"93-319","Łódź","Górna","Potulna","","Łódź","Łódź","łódzkie"
"93-424","Łódź","Górna","Rudzianka","","Łódź","Łódź","łódzkie"
"91-088","Łódź","Polesie","Zana Tomasza","","Łódź","Łódź","łódzkie"
"92-629","Łódź","Widzew","Sędziwoja","","Łódź","Łódź","łódzkie"
"92-729","Łódź","Widzew","Wiśniowa","","Łódź","Łódź","łódzkie"
"91-804","Łódź","Bałuty","Obrońców Warszawy","1-5(n)","Łódź","Łódź","łódzkie"
"93-305","Łódź","Górna","Beniowskiego Maurycego","","Łódź","Łódź","łódzkie"
"93-350","Łódź","Górna","Ustronna","1-49","Łódź","Łódź","łódzkie"
"91-858","Łódź","Bałuty","Deczyńskiego Kazimierza","1-37(n), 2-22(p)","Łódź","Łódź","łódzkie"
"(adsbygoogle = window.adsbygoogle || []).push({});"
"91-230","Łódź","Bałuty","Kujawska","","Łódź","Łódź","łódzkie"
"91-338","Łódź","Bałuty","Pojezierska","42-62(p), 45-85(n)","Łódź","Łódź","łódzkie"
"93-121","Łódź","Widzew","Częstochowska","32-DK(p), 35-DK(n)","Łódź","Łódź","łódzkie"
"92-117","Łódź","Widzew","Listopadowa","1-DK(n), 2-52(p)","Łódź","Łódź","łódzkie"
"93-465","Łódź","Górna","Powiatowa","","Łódź","Łódź","łódzkie"
"93-457","Łódź","Górna","Rudzka","1-29(n), 4-44(p)","Łódź","Łódź","łódzkie"
"94-285","Łódź","Polesie","Zapłocie","","Łódź","Łódź","łódzkie"
"92-002","Łódź","Widzew","Skalna","1-39a(n), 2-42(p)","Łódź","Łódź","łódzkie"
"92-631","Łódź","Widzew","Włodarska","","Łódź","Łódź","łódzkie"
"91-850","Łódź","Bałuty","Obrońców Warszawy","6, 7-9(n)","Łódź","Łódź","łódzkie"
"(adsbygoogle = window.adsbygoogle || []).push({});"
"93-439","Łódź","Górna","Betonowa","","Łódź","Łódź","łódzkie"
"93-636","Łódź","Górna","Wańkowicza Melchiora","","Łódź","Łódź","łódzkie"
"91-529","Łódź","Bałuty","Diamentowa","","Łódź","Łódź","łódzkie"
"91-512","Łódź","Bałuty","Kuropatwia","","Łódź","Łódź","łódzkie"
"91-028","Łódź","Bałuty","Pola Wincentego","19-DK(n), 20-46/48(p)","Łódź","Łódź","łódzkie"
"92-508","Łódź","Widzew","Ćwiklińskiej Mieczysławy","","Łódź","Łódź","łódzkie"
"92-313","Łódź","Widzew","Lodowa","1-75(n), 2-78(p)","Łódź","Łódź","łódzkie"
"93-415","Łódź","Górna","Powolna","","Łódź","Łódź","łódzkie"
"93-273","Łódź","Górna","Rydla Lucjana","1-3(n)","Łódź","Łódź","łódzkie"
"94-231","Łódź","Polesie","Zasieczna","","Łódź","Łódź","łódzkie"
"(adsbygoogle = window.adsbygoogle || []).push({});"
"92-640","Łódź","Widzew","Skautów Łódzkich","","Łódź","Łódź","łódzkie"
"90-046","Łódź","Widzew","Wodna","27-DK(n), 32-DK(p)","Łódź","Łódź","łódzkie"
"91-811","Łódź","Bałuty","Obrońców Westerplatte","","Łódź","Łódź","łódzkie"
"93-540","Łódź","Górna","Będzińska","","Łódź","Łódź","łódzkie"
"93-334","Łódź","Górna","Wdzięczna","","Łódź","Łódź","łódzkie"
"91-030","Łódź","Bałuty","Dmowskiego Romana Pl.","","Łódź","Łódź","łódzkie"
"91-614","Łódź","Bałuty","Kwarcowa","","Łódź","Łódź","łódzkie"
"91-328","Łódź","Bałuty","Polna","","Łódź","Łódź","łódzkie"
"92-006","Łódź","Widzew","Dębowskiego Jana","","Łódź","Łódź","łódzkie"
"92-313","Łódź","Widzew","Maciejewskiego Władysława","","Łódź","Łódź","łódzkie"
"(adsbygoogle = window.adsbygoogle || []).push({});"
"93-334","Łódź","Górna","Powszechna","31-47(n), 32","Łódź","Łódź","łódzkie"
"93-203","Łódź","Górna","Rydla Lucjana","4-6(p), 7-DK","Łódź","Łódź","łódzkie"
"94-302","Łódź","Polesie","Zdrowie","","Łódź","Łódź","łódzkie"
"93-114","Łódź","Widzew","Skierniewicka","","Łódź","Łódź","łódzkie"
"92-220","Łódź","Widzew","Wodociągowa","","Łódź","Łódź","łódzkie"
"91-008","Łódź","Bałuty","Odolanowska","1-5(n), 2-26(p)","Łódź","Łódź","łódzkie"
"93-439","Łódź","Górna","Białowieska","","Łódź","Łódź","łódzkie"
"93-302","Łódź","Górna","Wesoła","","Łódź","Łódź","łódzkie"
"91-463","Łódź","Bałuty","Dolna","1-13(n), 2-16(p)","Łódź","Łódź","łódzkie"
"91-165","Łódź","Bałuty","Laserowa","","Łódź","Łódź","łódzkie"
"(adsbygoogle = window.adsbygoogle || []).push({});"
"91-045","Łódź","Bałuty","Popiela","","Łódź","Łódź","łódzkie"
"92-626","Łódź","Widzew","Dobrej Wróżki","","Łódź","Łódź","łódzkie"
"92-727","Łódź","Widzew","Maciejkowa","","Łódź","Łódź","łódzkie"
"93-134","Łódź","Górna","Poznańska","","Łódź","Łódź","łódzkie"
"93-526","Łódź","Górna","Rymanowska","","Łódź","Łódź","łódzkie"
"90-624","Łódź","Polesie","Zielona","28","Łódź","Łódź","łódzkie"
"92-604","Łódź","Widzew","Skrzatów","","Łódź","Łódź","łódzkie"
"92-018","Łódź","Widzew","Wodospadowa","","Łódź","Łódź","łódzkie"
"91-012","Łódź","Bałuty","Odolanowska","7-DK(n), 28-DK(p)","Łódź","Łódź","łódzkie"
"93-242","Łódź","Górna","Bielska","","Łódź","Łódź","łódzkie"
"(adsbygoogle = window.adsbygoogle || []).push({});"
"93-494","Łódź","Górna","Widawska","","Łódź","Łódź","łódzkie"
"91-455","Łódź","Bałuty","Dolna","15-DK(n), 18-DK(p)","Łódź","Łódź","łódzkie"
"91-364","Łódź","Bałuty","Lawendowa","","Łódź","Łódź","łódzkie"
"91-604","Łódź","Bałuty","Porfirowa","","Łódź","Łódź","łódzkie"
"92-009","Łódź","Widzew","Dolina Kościeliska","","Łódź","Łódź","łódzkie"
"90-346","Łódź","Widzew","Magazynowa","","Łódź","Łódź","łódzkie"
"93-181","Łódź","Górna","Praska","","Łódź","Łódź","łódzkie"
"93-419","Łódź","Górna","Rzemieślnicza","","Łódź","Łódź","łódzkie"
"90-743","Łódź","Polesie","Zielona","41-43(n)","Łódź","Łódź","łódzkie"
"92-432","Łódź","Widzew","Skrzetuskiego Jana","","Łódź","Łódź","łódzkie"
"(adsbygoogle = window.adsbygoogle || []).push({});"
"92-446","Łódź","Widzew","Wojewódzkiego Wacława","","Łódź","Łódź","łódzkie"
"91-336","Łódź","Bałuty","Ogórkowa","","Łódź","Łódź","łódzkie"
"93-617","Łódź","Górna","Bieszczadzka","20-26(p), 27-35(n)","Łódź","Łódź","łódzkie"
"93-441","Łódź","Górna","Wiekowa","","Łódź","Łódź","łódzkie"
"91-008","Łódź","Bałuty","Drewnowska","66-160(p), 77-171(n)","Łódź","Łódź","łódzkie"
"91-357","Łódź","Bałuty","Lewa","","Łódź","Łódź","łódzkie"
"91-858","Łódź","Bałuty","Powojowa","1-19(n), 2-26(p)","Łódź","Łódź","łódzkie"
"92-507","Łódź","Widzew","Dostojewskiego Fiodora","","Łódź","Łódź","łódzkie"
"92-724","Łódź","Widzew","Majowa","","Łódź","Łódź","łódzkie"
"93-478","Łódź","Górna","Prądzyńskiego Ignacego","1/3-91(n)","Łódź","Łódź","łódzkie"
"(adsbygoogle = window.adsbygoogle || []).push({});"
"93-153","Łódź","Górna","Rzgowska","100-120(p), 101-123(n)","Łódź","Łódź","łódzkie"
"90-635","Łódź","Polesie","Zielona","50-56(p), 61-65(n)","Łódź","Łódź","łódzkie"
"92-760","Łódź","Widzew","Słoneczne Wzgórza","","Łódź","Łódź","łódzkie"
"92-619","Łódź","Widzew","Wybickiego Józefa","","Łódź","Łódź","łódzkie"
"91-065","Łódź","Bałuty","Ogrodowa","18","Łódź","Łódź","łódzkie"
"93-413","Łódź","Górna","Biskupińska","","Łódź","Łódź","łódzkie"
"93-451","Łódź","Górna","Wigerska","","Łódź","Łódź","łódzkie"
"91-171","Łódź","Bałuty","Drozdowa","","Łódź","Łódź","łódzkie"
"91-713","Łódź","Bałuty","Libelta Karola","","Łódź","Łódź","łódzkie"
"91-867","Łódź","Bałuty","Powojowa","21-DK(n), 28-DK(p)","Łódź","Łódź","łódzkie"
"(adsbygoogle = window.adsbygoogle || []).push({});"
"92-402","Łódź","Widzew","Dyspozytorska","","Łódź","Łódź","łódzkie"
"92-761","Łódź","Widzew","Malownicza","","Łódź","Łódź","łódzkie"
"93-492","Łódź","Górna","Prądzyńskiego Ignacego","2-34(p)","Łódź","Łódź","łódzkie"
"93-303","Łódź","Górna","Rzgowska","122-138(p), 131-161(n)","Łódź","Łódź","łódzkie"
"91-088","Łódź","Polesie","Zimna","","Łódź","Łódź","łódzkie"
"92-503","Łódź","Widzew","Smetany Bedricha","","Łódź","Łódź","łódzkie"
"90-023","Łódź","Widzew","Wysoka","1-19","Łódź","Łódź","łódzkie"
"91-498","Łódź","Bałuty","Okoniowa","","Łódź","Łódź","łódzkie"
"93-460","Łódź","Górna","Blokowa","1-2","Łódź","Łódź","łódzkie"
"93-329","Łódź","Górna","Wigilijna","","Łódź","Łódź","łódzkie"
"(adsbygoogle = window.adsbygoogle || []).push({});"
"91-311","Łódź","Bałuty","Drukarska","","Łódź","Łódź","łódzkie"
"91-864","Łódź","Bałuty","Liliowa","","Łódź","Łódź","łódzkie"
"91-043","Łódź","Bałuty","Powstańców Wielkopolskich","2","Łódź","Łódź","łódzkie"
"92-229","Łódź","Widzew","Edwarda","","Łódź","Łódź","łódzkie"
"92-407","Łódź","Widzew","Marczaka Karola","","Łódź","Łódź","łódzkie"
"93-466","Łódź","Górna","Prądzyńskiego Ignacego","36-118(p), 93-141(n)","Łódź","Łódź","łódzkie"
"93-311","Łódź","Górna","Rzgowska","140-194a(p), 163-181(n)","Łódź","Łódź","łódzkie"
"94-221","Łódź","Polesie","Złotno","1-91(n), 2-112(p)","Łódź","Łódź","łódzkie"
"92-340","Łódź","Widzew","Snowalniana","","Łódź","Łódź","łódzkie"
"90-037","Łódź","Widzew","Wysoka","31-DK(n), 34-DK(p)","Łódź","Łódź","łódzkie"
"(adsbygoogle = window.adsbygoogle || []).push({});"
"91-843","Łódź","Bałuty","Okopowa","1-51(n), 2-28(p)","Łódź","Łódź","łódzkie"
"93-403","Łódź","Górna","Blokowa","3-DK","Łódź","Łódź","łódzkie"
"93-638","Łódź","Górna","Wiktorii Wiedeńskiej","","Łódź","Łódź","łódzkie"
"91-204","Łódź","Bałuty","Duńska","1-21(n)","Łódź","Łódź","łódzkie"
"91-041","Łódź","Bałuty","Limanowskiego Bolesława","122-134(p)","Łódź","Łódź","łódzkie"
"91-018","Łódź","Bałuty","Powstańców Wielkopolskich","22-DK(p)","Łódź","Łódź","łódzkie"
"92-504","Łódź","Widzew","Elsnera Józefa","","Łódź","Łódź","łódzkie"
"92-722","Łódź","Widzew","Margaretek","","Łódź","Łódź","łódzkie"
"93-348","Łódź","Górna","Prosta","","Łódź","Łódź","łódzkie"
"93-364","Łódź","Górna","Rzgowska","183-205(n)","Łódź","Łódź","łódzkie"
"(adsbygoogle = window.adsbygoogle || []).push({});"
"94-230","Łódź","Polesie","Zwiadowcza","","Łódź","Łódź","łódzkie"
"92-321","Łódź","Widzew","Sobolowa","","Łódź","Łódź","łódzkie"
"93-221","Łódź","Widzew","Zapadła","","Łódź","Łódź","łódzkie"
"91-849","Łódź","Bałuty","Okopowa","42-DK(p), 53-DK(n)","Łódź","Łódź","łódzkie"
"93-232","Łódź","Górna","Bławatna","","Łódź","Łódź","łódzkie"
"93-622","Łódź","Górna","Wiskicka","1-13(n), 2-18(p)","Łódź","Łódź","łódzkie"
"91-210","Łódź","Bałuty","Duńska","20-22a(p), 23","Łódź","Łódź","łódzkie"
"91-340","Łódź","Bałuty","Limanowskiego Bolesława","123-DK(n)","Łódź","Łódź","łódzkie"
"91-725","Łódź","Bałuty","Produkcyjna","","Łódź","Łódź","łódzkie"
"92-311","Łódź","Widzew","Emaliowa","","Łódź","Łódź","łódzkie"
"(adsbygoogle = window.adsbygoogle || []).push({});"
"92-732","Łódź","Widzew","Marynarzy Polskich","","Łódź","Łódź","łódzkie"
"93-474","Łódź","Górna","Prośnieńska","","Łódź","Łódź","łódzkie"
"93-338","Łódź","Górna","Rzgowska","244-DK(p), 249-DK(n)","Łódź","Łódź","łódzkie"
"93-469","Łódź","Polesie","Żaglowa","","Łódź","Łódź","łódzkie"
"92-102","Łódź","Widzew","Spartakusa","1","Łódź","Łódź","łódzkie"
"92-016","Łódź","Widzew","Zaspowa","","Łódź","Łódź","łódzkie"
"91-520","Łódź","Bałuty","Okólna","120-DK(p), 131-DK(n)","Łódź","Łódź","łódzkie"
"93-481","Łódź","Górna","Błędowska","","Łódź","Łódź","łódzkie"
"93-623","Łódź","Górna","Wiskicka","15-55(n), 20-52(p)","Łódź","Łódź","łódzkie"
"91-736","Łódź","Bałuty","Dwernickiego Józefa (Generała Józefa Dwernickiego)","","Łódź","Łódź","łódzkie"
"(adsbygoogle = window.adsbygoogle || []).push({});"
"91-034","Łódź","Bałuty","Limanowskiego Bolesława","146-164(p)","Łódź","Łódź","łódzkie"
"91-603","Łódź","Bałuty","Promienna","15-DK","Łódź","Łódź","łódzkie"
"90-331","Łódź","Widzew","Fabryczna","16-DK(p)","Łódź","Łódź","łódzkie"
"92-740","Łódź","Widzew","Mileszki","","Łódź","Łódź","łódzkie"
"93-303","Łódź","Górna","Pryncypalna","1-35(n), 2-40(p)","Łódź","Łódź","łódzkie"
"93-020","Łódź","Górna","Rzgowska","61-73(n)","Łódź","Łódź","łódzkie"
"90-643","Łódź","Polesie","Żeligowskiego Lucjana (Generała Lucjana Żeligowskiego)","21-29(n), 28-36(p)","Łódź","Łódź","łódzkie"
"92-607","Łódź","Widzew","Zaścianek","","Łódź","Łódź","łódzkie"
"91-526","Łódź","Bałuty","Okólna","32-118(p), 35-129(n)","Łódź","Łódź","łódzkie"
"93-564","Łódź","Górna","Błońska","","Łódź","Łódź","łódzkie"
"(adsbygoogle = window.adsbygoogle || []).push({});"
"93-332","Łódź","Górna","Witolda","","Łódź","Łódź","łódzkie"
"91-519","Łódź","Bałuty","Działka Stanisława","","Łódź","Łódź","łódzkie"
"91-059","Łódź","Bałuty","Limanowskiego Bolesława","2-18(p)","Łódź","Łódź","łódzkie"
"91-849","Łódź","Bałuty","Próżna","","Łódź","Łódź","łódzkie"
"90-325","Łódź","Widzew","Fabryczna","1-9(n), 2-6(p)","Łódź","Łódź","łódzkie"
"92-340","Łódź","Widzew","Milionowa","108-DK(p)","Łódź","Łódź","łódzkie"
"93-379","Łódź","Górna","Pryncypalna","37-87(n), 42-90(p)","Łódź","Łódź","łódzkie"
"93-024","Łódź","Górna","Rzgowska","75-99(n)","Łódź","Łódź","łódzkie"
"90-644","Łódź","Polesie","Żeligowskiego Lucjana (Generała Lucjana Żeligowskiego)","31-DK(n), 38-DK(p)","Łódź","Łódź","łódzkie"
"92-328","Łódź","Widzew","Zbiorcza","","Łódź","Łódź","łódzkie"
"(adsbygoogle = window.adsbygoogle || []).push({});"
"91-228","Łódź","Bałuty","""Okulickiego Niedźwiadka Leopolda (Generała Leopolda Okulickiego """"Niedźwiadka"""")""","10-DK(p), 25-DK(n)","Łódź","Łódź","łódzkie"
"93-534","Łódź","Górna","Bogusławskiego Wojciecha","","Łódź","Łódź","łódzkie"
"93-545","Łódź","Górna","Wiwulskiego Antoniego","1-15(n), 2-20(p)","Łódź","Łódź","łódzkie"
"91-614","Łódź","Bałuty","Działkowa","","Łódź","Łódź","łódzkie"
"91-049","Łódź","Bałuty","Limanowskiego Bolesława","52-80(p)","Łódź","Łódź","łódzkie"
"91-315","Łódź","Bałuty","Prusa Bolesława","","Łódź","Łódź","łódzkie"
"90-341","Łódź","Widzew","Fabryczna","25-DK(n)","Łódź","Łódź","łódzkie"
"93-113","Łódź","Widzew","Milionowa","14-20(p), 51-59(n)","Łódź","Łódź","łódzkie"
"93-373","Łódź","Górna","Pryncypalna","89-173(n), 92-DK(p)","Łódź","Łódź","łódzkie"
"93-008","Łódź","Górna","Rzgowska","7-59(n)","Łódź","Łódź","łódzkie"
"(adsbygoogle = window.adsbygoogle || []).push({});"
"90-710","Łódź","Polesie","Żeromskiego Stefana","1-7(n), 2-10(p)","Łódź","Łódź","łódzkie"
"92-003","Łódź","Widzew","Zbocze","","Łódź","Łódź","łódzkie"
"91-366","Łódź","Bałuty","""Okulickiego Niedźwiadka Leopolda (Generała Leopolda Okulickiego """"Niedźwiadka"""")""","4-8(p), 5-21(n)","Łódź","Łódź","łódzkie"
"93-238","Łódź","Górna","Bohomolca Franciszka","","Łódź","Łódź","łódzkie"
"93-335","Łódź","Górna","Władysława Łokietka","","Łódź","Łódź","łódzkie"
"91-219","Łódź","Bałuty","""Fieldorfa Nila Augusta Emila (Generała Augusta Emila Fieldorfa """"Nila"""")""","","Łódź","Łódź","łódzkie"
"91-357","Łódź","Bałuty","Liściasta","1-63(n), 2-120(p)","Łódź","Łódź","łódzkie"
"91-748","Łódź","Bałuty","Przemysłowa","1-7(n), 6-16(p)","Łódź","Łódź","łódzkie"
"90-326","Łódź","Widzew","Fabryczna","8-10(p), 11-13(n)","Łódź","Łódź","łódzkie"
"92-317","Łódź","Widzew","Milionowa","207-251(n)","Łódź","Łódź","łódzkie"
"(adsbygoogle = window.adsbygoogle || []).push({});"
"93-339","Łódź","Górna","Przednia","","Łódź","Łódź","łódzkie"
"93-148","Łódź","Górna","Rzgowska","78-98(p)","Łódź","Łódź","łódzkie"
"90-737","Łódź","Polesie","Żeromskiego Stefana","22-34(p)","Łódź","Łódź","łódzkie"
"92-435","Łódź","Widzew","Zbyszka z Bogdańca","","Łódź","Łódź","łódzkie"
"91-336","Łódź","Bałuty","Oliwska","","Łódź","Łódź","łódzkie"
"93-492","Łódź","Górna","Bolesława","","Łódź","Łódź","łódzkie"
"93-418","Łódź","Górna","Wojewódzka","","Łódź","Łódź","łódzkie"
"91-601","Łódź","Bałuty","Fiołkowa","","Łódź","Łódź","łódzkie"
"91-181","Łódź","Bałuty","Luksemburska","","Łódź","Łódź","łódzkie"
"91-511","Łódź","Bałuty","Przepiórcza","","Łódź","Łódź","łódzkie"
"(adsbygoogle = window.adsbygoogle || []).push({});"
"92-637","Łódź","Widzew","Feliksińska","","Łódź","Łódź","łódzkie"
"92-336","Łódź","Widzew","Milionowa","40-62(p)","Łódź","Łódź","łódzkie"
"93-378","Łódź","Górna","Przedświt","","Łódź","Łódź","łódzkie"
"93-479","Łódź","Górna","Saharyjska","","Łódź","Łódź","łódzkie"
"90-624","Łódź","Polesie","Żeromskiego Stefana","35-49(n)","Łódź","Łódź","łódzkie"
"92-634","Łódź","Widzew","Ziarnista","","Łódź","Łódź","łódzkie"
"91-320","Łódź","Bałuty","Olsztyńska","1-5(n)","Łódź","Łódź","łódzkie"
"93-448","Łódź","Górna","Bosmańska","","Łódź","Łódź","łódzkie"
"93-347","Łódź","Górna","Wołodyjowskiego Michała","","Łódź","Łódź","łódzkie"
"91-180","Łódź","Bałuty","Flandryjska","","Łódź","Łódź","łódzkie"
"(adsbygoogle = window.adsbygoogle || []).push({});"
"91-058","Łódź","Bałuty","Lutomierska","1-15(n), 2-12(p)","Łódź","Łódź","łódzkie"
"91-170","Łódź","Bałuty","Przybosia Juliana","","Łódź","Łódź","łódzkie"
"92-771","Łódź","Widzew","Figowa","","Łódź","Łódź","łódzkie"
"93-121","Łódź","Widzew","Milionowa","61-203(n)","Łódź","Łódź","łódzkie"
"93-443","Łódź","Górna","Przejściowa","","Łódź","Łódź","łódzkie"
"93-038","Łódź","Górna","Sanocka","1-DK(n)","Łódź","Łódź","łódzkie"
"90-550","Łódź","Polesie","Żeromskiego Stefana","86-102(p)","Łódź","Łódź","łódzkie"
"92-413","Łódź","Widzew","Ziemowita","","Łódź","Łódź","łódzkie"
"91-323","Łódź","Bałuty","Olsztyńska","7","Łódź","Łódź","łódzkie"
"93-378","Łódź","Górna","Bożego Jana (Świętego Jana Bożego)","","Łódź","Łódź","łódzkie"
"(adsbygoogle = window.adsbygoogle || []).push({});"
"93-403","Łódź","Górna","Woźnicza","","Łódź","Łódź","łódzkie"
"91-450","Łódź","Bałuty","Flisacka","","Łódź","Łódź","łódzkie"
"91-037","Łódź","Bałuty","Lutomierska","121-123(n), 148-156(p)","Łódź","Łódź","łódzkie"
"91-520","Łódź","Bałuty","Przyklasztorze","","Łódź","Łódź","łódzkie"
"92-610","Łódź","Widzew","Gajcego Tadeusza","","Łódź","Łódź","łódzkie"
"92-334","Łódź","Widzew","Milionowa","64-104(p)","Łódź","Łódź","łódzkie"
"93-346","Łódź","Górna","Przełomowa","","Łódź","Łódź","łódzkie"
"93-320","Łódź","Górna","Sarmacka","1-17(n), 2-14(p)","Łódź","Łódź","łódzkie"
"90-711","Łódź","Polesie","Żeromskiego Stefana","9-19(n), 12-20(p)","Łódź","Łódź","łódzkie"
"90-023","Łódź","Widzew","Złota","","Łódź","Łódź","łódzkie"
"(adsbygoogle = window.adsbygoogle || []).push({});"
"91-614","Łódź","Bałuty","Ołowiana","","Łódź","Łódź","łódzkie"
"93-563","Łódź","Górna","Braterska","","Łódź","Łódź","łódzkie"
"93-005","Łódź","Górna","Wólczańska","213-239(n), 238/248","Łódź","Łódź","łódzkie"
"91-433","Łódź","Bałuty","Franciszkańska","12-20(p), 13-35(n)","Łódź","Łódź","łódzkie"
"91-043","Łódź","Bałuty","Lutomierska","140-140a","Łódź","Łódź","łódzkie"
"91-511","Łódź","Bałuty","Pszczelna","","Łódź","Łódź","łódzkie"
"92-015","Łódź","Widzew","Gazdy","","Łódź","Łódź","łódzkie"
"92-107","Łódź","Widzew","Morskie Oko","","Łódź","Łódź","łódzkie"
"93-346","Łódź","Górna","Przesmyk","","Łódź","Łódź","łódzkie"
"93-330","Łódź","Górna","Sąsiedzka","","Łódź","Łódź","łódzkie"
"(adsbygoogle = window.adsbygoogle || []).push({});"
"94-250","Łódź","Polesie","Żniwna","","Łódź","Łódź","łódzkie"
"90-158","Łódź","Śródmieście","Małachowskiego Stanisława","2-68(p)","Łódź","Łódź","łódzkie"
"92-013","Łódź","Widzew","Zrębowa","","Łódź","Łódź","łódzkie"
"90-924","Łódź","Polesie","Żeromskiego Stefana","116","Łódź","Łódź","łódzkie"
"91-360","Łódź","Bałuty","Opalowa","","Łódź","Łódź","łódzkie"
"93-162","Łódź","Górna","Broniewskiego Władysława","1-15(n), 2-24(p)","Łódź","Łódź","łódzkie"
"93-035","Łódź","Górna","Wólczańska","243-265(n)","Łódź","Łódź","łódzkie"
"91-852","Łódź","Bałuty","Franciszkańska","139-DK(n)","Łódź","Łódź","łódzkie"
"91-004","Łódź","Bałuty","Lutomierska","14-86(p)","Łódź","Łódź","łódzkie"
"91-032","Łódź","Bałuty","Pułaskiego Kazimierza (Generała Kazimierza Pułaskiego)","14-DK(p)","Łódź","Łódź","łódzkie"
"(adsbygoogle = window.adsbygoogle || []).push({});"
"92-739","Łódź","Widzew","Gerberowa","","Łódź","Łódź","łódzkie"
"92-750","Łódź","Widzew","Nenckiego Marcelego","","Łódź","Łódź","łódzkie"
"93-434","Łódź","Górna","Przestrzenna","3-33(n), 14-48(p)","Łódź","Łódź","łódzkie"
"93-024","Łódź","Górna","Sejmowa","1-10","Łódź","Łódź","łódzkie"
"94-255","Łódź","Polesie","Żołnierska","","Łódź","Łódź","łódzkie"
"90-159","Łódź","Śródmieście","Małachowskiego Stanisława","70-DK(p)","Łódź","Łódź","łódzkie"
"90-312","Łódź","Widzew","Zwycięstwa Pl.","1-3","Łódź","Łódź","łódzkie"
"91-604","Łódź","Bałuty","Opolska","","Łódź","Łódź","łódzkie"
"93-142","Łódź","Górna","Broniewskiego Władysława","17-43(n), 26-38(p)","Łódź","Łódź","łódzkie"
"93-170","Łódź","Górna","Wólczańska","250","Łódź","Łódź","łódzkie"
"(adsbygoogle = window.adsbygoogle || []).push({});"
"91-845","Łódź","Bałuty","Franciszkańska","90-138(p), 97-137(n)","Łódź","Łódź","łódzkie"
"91-056","Łódź","Bałuty","Lutomierska","17-21(n)","Łódź","Łódź","łódzkie"
"91-140","Łódź","Bałuty","Radka Andrzeja","","Łódź","Łódź","łódzkie"
"92-002","Łódź","Widzew","Giewont","1-25","Łódź","Łódź","łódzkie"
"92-202","Łódź","Widzew","Neonowa","","Łódź","Łódź","łódzkie"
"93-424","Łódź","Górna","Przestrzenna","35-77(n), 50-94(p)","Łódź","Łódź","łódzkie"
"93-232","Łódź","Górna","Sekwestratorska","","Łódź","Łódź","łódzkie"
"94-025","Łódź","Polesie","Żubrowej Joanny","","Łódź","Łódź","łódzkie"
"90-237","Łódź","Śródmieście","Matejki Jana","11-DK(n), 20-DK(p)","Łódź","Łódź","łódzkie"
"90-047","Łódź","Widzew","Zwycięstwa Pl.","4-DK","Łódź","Łódź","łódzkie"
"(adsbygoogle = window.adsbygoogle || []).push({});"
"91-836","Łódź","Bałuty","""Organizacji """"Wolność i Niezawisłość""""""","29-45(n), 30-48(p)","Łódź","Łódź","łódzkie"
"93-264","Łódź","Górna","Broniewskiego Władysława","64-68(p)","Łódź","Łódź","łódzkie"
"93-148","Łódź","Górna","Wysockiego Piotra","","Łódź","Łódź","łódzkie"
"91-522","Łódź","Bałuty","Gadomskiego Jana","","Łódź","Łódź","łódzkie"
"91-048","Łódź","Bałuty","Lutomierska","43-71(n), 88-112(p)","Łódź","Łódź","łódzkie"
"91-848","Łódź","Bałuty","Radlińskiej Heleny","","Łódź","Łódź","łódzkie"
"92-116","Łódź","Widzew","Giewont","26-DK","Łódź","Łódź","łódzkie"
"92-208","Łódź","Widzew","Niciarniana","1-6","Łódź","Łódź","łódzkie"
"93-406","Łódź","Górna","Przewodnia","1-10","Łódź","Łódź","łódzkie"
"93-323","Łódź","Górna","Serdeczna","","Łódź","Łódź","łódzkie"
"(adsbygoogle = window.adsbygoogle || []).push({});"
"90-528","Łódź","Polesie","Żwirki Franciszka (Kapitana Pilota Franciszka Żwirki)","7-15(n), 22-34(p)","Łódź","Łódź","łódzkie"
"91-402","Łódź","Śródmieście","Matejki Jana","1-9(n), 2-14(p)","Łódź","Łódź","łódzkie"
"92-323","Łódź","Widzew","Żbikowa","","Łódź","Łódź","łódzkie"
"91-805","Łódź","Bałuty","""Organizacji """"Wolność i Niezawisłość""""""","47-55(n), 50-58(p)","Łódź","Łódź","łódzkie"
"93-253","Łódź","Górna","Broniewskiego Władysława","97-111(n)","Łódź","Łódź","łódzkie"
"93-266","Łódź","Górna","Wyższa","","Łódź","Łódź","łódzkie"
"91-345","Łódź","Bałuty","Gdyńska","31-36","Łódź","Łódź","łódzkie"
"91-046","Łódź","Bałuty","Lutomierska","73-113(n)","Łódź","Łódź","łódzkie"
"91-327","Łódź","Bałuty","Rajska","","Łódź","Łódź","łódzkie"
"92-331","Łódź","Widzew","Głęboka","","Łódź","Łódź","łódzkie"
"(adsbygoogle = window.adsbygoogle || []).push({});"
"92-238","Łódź","Widzew","Niciarniana","7-17(n), 8-22(p)","Łódź","Łódź","łódzkie"
"93-419","Łódź","Górna","Przewodnia","11-89(n), 14-88(p)","Łódź","Łódź","łódzkie"
"93-138","Łódź","Górna","Siedlecka","","Łódź","Łódź","łódzkie"
"90-303","Łódź","Śródmieście","10 Lutego","","Łódź","Łódź","łódzkie"
"90-443","Łódź","Śródmieście","Mickiewicza Adama Al.","1-15(n)","Łódź","Łódź","łódzkie"
"90-332","Łódź","Widzew","Żelazna","","Łódź","Łódź","łódzkie"
"91-811","Łódź","Bałuty","""Organizacji """"Wolność i Niezawisłość""""""","59-DK","Łódź","Łódź","łódzkie"
"93-621","Łódź","Górna","Bronisin","70-DK(p), 85-DK(n)","Łódź","Łódź","łódzkie"
"93-468","Łódź","Górna","Zabrzeźna","","Łódź","Łódź","łódzkie"
"91-360","Łódź","Bałuty","Gipsowa","","Łódź","Łódź","łódzkie"
"(adsbygoogle = window.adsbygoogle || []).push({});"
"91-473","Łódź","Bałuty","Łagiewnicka","122-132(p)","Łódź","Łódź","łódzkie"
"91-231","Łódź","Bałuty","Ratajska","","Łódź","Łódź","łódzkie"
"92-622","Łódź","Widzew","Gminna","","Łódź","Łódź","łódzkie"
"92-323","Łódź","Widzew","Niedźwiedzia","","Łódź","Łódź","łódzkie"
"93-162","Łódź","Górna","Przyborowskiego Walerego","1-DK(n)","Łódź","Łódź","łódzkie"
"93-171","Łódź","Górna","Sieradzka","1, 7-DK(n)","Łódź","Łódź","łódzkie"
"90-416","Łódź","Śródmieście","6 Sierpnia","12-20(p)","Łódź","Łódź","łódzkie"
"90-146","Łódź","Śródmieście","Narutowicza Gabriela (Prezydenta Gabriela Narutowicza)","123-DK(n), 130-DK(p)","Łódź","Łódź","łódzkie"
"90-921","Łódź","Górna","Dąbrowskiego Pl.","5","Łódź","Łódź","łódzkie"
"91-341","Łódź","Bałuty","Orna","","Łódź","Łódź","łódzkie"
"(adsbygoogle = window.adsbygoogle || []).push({});"
"93-308","Łódź","Górna","Bronisławy","","Łódź","Łódź","łódzkie"
"93-350","Łódź","Górna","Zacna","","Łódź","Łódź","łódzkie"
"91-318","Łódź","Bałuty","Głucha","","Łódź","Łódź","łódzkie"
"91-487","Łódź","Bałuty","Łagiewnicka","160-218(p)","Łódź","Łódź","łódzkie"
"91-520","Łódź","Bałuty","Renesansowa","","Łódź","Łódź","łódzkie"
"90-340","Łódź","Widzew","Gołębia","","Łódź","Łódź","łódzkie"
"93-119","Łódź","Widzew","Nieszawska","","Łódź","Łódź","łódzkie"
"93-120","Łódź","Górna","Przybyszewskiego Stanisława","110-200(p), 155-245(n)","Łódź","Łódź","łódzkie"
"93-002","Łódź","Górna","Sieradzka","3","Łódź","Łódź","łódzkie"
"90-422","Łódź","Śródmieście","6 Sierpnia","2","Łódź","Łódź","łódzkie"
"(adsbygoogle = window.adsbygoogle || []).push({});"
"90-135","Łódź","Śródmieście","Narutowicza Gabriela (Prezydenta Gabriela Narutowicza)","2-50(p)","Łódź","Łódź","łódzkie"
"90-928","Łódź","Śródmieście","Kościuszki Tadeusza Al.","107/109","Łódź","Łódź","łódzkie"
"91-473","Łódź","Bałuty","Orzeszkowej Elizy","1-17(n), 2-10(p)","Łódź","Łódź","łódzkie"
"93-037","Łódź","Górna","Browarna","","Łódź","Łódź","łódzkie"
"93-485","Łódź","Górna","Zagłębie","","Łódź","Łódź","łódzkie"
"91-048","Łódź","Bałuty","Gnieźnieńska","9-DK(n)","Łódź","Łódź","łódzkie"
"91-491","Łódź","Bałuty","Łagiewnicka","220-248(p)","Łódź","Łódź","łódzkie"
"91-230","Łódź","Bałuty","Rodła","","Łódź","Łódź","łódzkie"
"92-008","Łódź","Widzew","Gorce","","Łódź","Łódź","łódzkie"
"92-332","Łódź","Widzew","Niska","","Łódź","Łódź","łódzkie"
"(adsbygoogle = window.adsbygoogle || []).push({});"
"93-188","Łódź","Górna","Przybyszewskiego Stanisława","1-65(n)","Łódź","Łódź","łódzkie"
"93-034","Łódź","Górna","Sieradzka","5","Łódź","Łódź","łódzkie"
"90-415","Łódź","Śródmieście","6 Sierpnia","4-10(p)","Łódź","Łódź","łódzkie"
"90-125","Łódź","Śródmieście","Narutowicza Gabriela (Prezydenta Gabriela Narutowicza)","35-43(n)","Łódź","Łódź","łódzkie"
"91-357","Łódź","Bałuty","Osadnicza","","Łódź","Łódź","łódzkie"
"93-640","Łódź","Górna","Brójecka","","Łódź","Łódź","łódzkie"
"93-524","Łódź","Górna","Zakopiańska","","Łódź","Łódź","łódzkie"
"91-493","Łódź","Bałuty","Gontyny","","Łódź","Łódź","łódzkie"
"91-445","Łódź","Bałuty","Łagiewnicka","2-20(p)","Łódź","Łódź","łódzkie"
"91-519","Łódź","Bałuty","Rogowska","1-10","Łódź","Łódź","łódzkie"
"(adsbygoogle = window.adsbygoogle || []).push({});"
"92-520","Łódź","Widzew","Gorkiego Maksyma","109-DK(n)","Łódź","Łódź","łódzkie"
"92-322","Łódź","Widzew","Nowy Świat","1-18","Łódź","Łódź","łódzkie"
"93-189","Łódź","Górna","Przybyszewskiego Stanisława","2-40(p)","Łódź","Łódź","łódzkie"
"93-350","Łódź","Górna","Siostrzana","","Łódź","Łódź","łódzkie"
"91-409","Łódź","Śródmieście","Anstadta Karola Al.","","Łódź","Łódź","łódzkie"
"90-130","Łódź","Śródmieście","Narutowicza Gabriela (Prezydenta Gabriela Narutowicza)","45-59(n)","Łódź","Łódź","łódzkie"
"91-504","Łódź","Bałuty","Owcza","","Łódź","Łódź","łódzkie"
"93-435","Łódź","Górna","Brydżowa","","Łódź","Łódź","łódzkie"
"93-486","Łódź","Górna","Zamojska","","Łódź","Łódź","łódzkie"
"91-765","Łódź","Bałuty","Górnicza","12-42(p), 35-39(n)","Łódź","Łódź","łódzkie"
"(adsbygoogle = window.adsbygoogle || []).push({});"
"91-509","Łódź","Bałuty","Łagiewnicka","221-311(n), 250-336(p)","Łódź","Łódź","łódzkie"
"91-529","Łódź","Bałuty","Rogowska","11-60","Łódź","Łódź","łódzkie"
"92-525","Łódź","Widzew","Gorkiego Maksyma","1-19(n)","Łódź","Łódź","łódzkie"
"92-315","Łódź","Widzew","Nowy Świat","19-DK","Łódź","Łódź","łódzkie"
"93-126","Łódź","Górna","Przybyszewskiego Stanisława","42-80(p), 67-103(n)","Łódź","Łódź","łódzkie"
"93-036","Łódź","Górna","Skargi Piotra (Księdza Piotra Skargi)","","Łódź","Łódź","łódzkie"
"90-237","Łódź","Śródmieście","Banacha Stefana","1-9(n), 2-18(p)","Łódź","Łódź","łódzkie"
"90-117","Łódź","Śródmieście","Narutowicza Gabriela (Prezydenta Gabriela Narutowicza)","5-33(n)","Łódź","Łódź","łódzkie"
"91-605","Łódź","Bałuty","Oxińskiego Józefa","","Łódź","Łódź","łódzkie"
"93-101","Łódź","Górna","Brzozowa","","Łódź","Łódź","łódzkie"
"(adsbygoogle = window.adsbygoogle || []).push({});"
"93-478","Łódź","Górna","Zamorska","29-87(n), 32-98(p)","Łódź","Łódź","łódzkie"
"91-848","Łódź","Bałuty","Górnicza","1-5(n), 2-10(p)","Łódź","Łódź","łódzkie"
"91-463","Łódź","Bałuty","Łagiewnicka","22-70(p)","Łódź","Łódź","łódzkie"
"91-142","Łódź","Bałuty","Rojna","1-19(n)","Łódź","Łódź","łódzkie"
"92-521","Łódź","Widzew","Gorkiego Maksyma","45","Łódź","Łódź","łódzkie"
"93-222","Łódź","Widzew","Nurta-Kaszyńskiego Eugeniusza (Majora Eugeniusza Nurta-Kaszyńskiego)","","Łódź","Łódź","łódzkie"
"93-347","Łódź","Górna","Przygodna","","Łódź","Łódź","łódzkie"
"93-479","Łódź","Górna","Skarżyńskiego Stanisława","","Łódź","Łódź","łódzkie"
"91-404","Łódź","Śródmieście","Dniestrzańska","","Łódź","Łódź","łódzkie"
"90-132","Łódź","Śródmieście","Narutowicza Gabriela (Prezydenta Gabriela Narutowicza)","67-75(n)","Łódź","Łódź","łódzkie"
"(adsbygoogle = window.adsbygoogle || []).push({});"
"91-038","Łódź","Bałuty","Padewskiego Antoniego (Świętego Antoniego Padewskiego)","","Łódź","Łódź","łódzkie"
"93-552","Łódź","Górna","Brzozowskiego Stanisława","","Łódź","Łódź","łódzkie"
"93-448","Łódź","Górna","Zamulna","","Łódź","Łódź","łódzkie"
"91-149","Łódź","Bałuty","Grabieniec","12-28(p)","Łódź","Łódź","łódzkie"
"91-520","Łódź","Bałuty","Łagiewnicka","313-DK(n), 338-DK(p)","Łódź","Łódź","łódzkie"
"91-134","Łódź","Bałuty","Rojna","20-DK(p), 21-47(n), 69-DK(n)","Łódź","Łódź","łódzkie"
"92-517","Łódź","Widzew","Gorkiego Maksyma","89-107(n)","Łódź","Łódź","łódzkie"
"92-410","Łódź","Widzew","Ofiar Terroryzmu 11 Września Al.","","Łódź","Łódź","łódzkie"
"92-621","Łódź","Widzew","Tatarkówny-Majkowskiej Michaliny","","Łódź","Łódź","łódzkie"
"93-431","Łódź","Górna","Skośna","","Łódź","Łódź","łódzkie"
"(adsbygoogle = window.adsbygoogle || []).push({});"
"90-155","Łódź","Śródmieście","Edukacyjna","","Łódź","Łódź","łódzkie"
"90-139","Łódź","Śródmieście","Narutowicza Gabriela (Prezydenta Gabriela Narutowicza)","80-94(p), 87-97(n)","Łódź","Łódź","łódzkie"
"91-478","Łódź","Bałuty","Palmowa","","Łódź","Łódź","łódzkie"
"93-356","Łódź","Górna","Budowlana","","Łódź","Łódź","łódzkie"
"93-545","Łódź","Górna","Zaolziańska","1-49(n)","Łódź","Łódź","łódzkie"
"91-342","Łódź","Bałuty","Grudziądzka","","Łódź","Łódź","łódzkie"
"91-456","Łódź","Bałuty","Łagiewnicka","72-116(p)","Łódź","Łódź","łódzkie"
"91-167","Łódź","Bałuty","Rojna","49-65(n)","Łódź","Łódź","łódzkie"
"92-737","Łódź","Widzew","Goryczkowa","","Łódź","Łódź","łódzkie"
"92-403","Łódź","Widzew","Olechowska","","Łódź","Łódź","łódzkie"
"(adsbygoogle = window.adsbygoogle || []).push({});"
"92-104","Łódź","Widzew","Taternicza","","Łódź","Łódź","łódzkie"
"93-441","Łódź","Górna","Skrajna","","Łódź","Łódź","łódzkie"
"91-066","Łódź","Śródmieście","Gdańska","1-11","Łódź","Łódź","łódzkie"
"90-029","Łódź","Śródmieście","Nawrot","102-DK(p)","Łódź","Łódź","łódzkie"
"91-738","Łódź","Bałuty","Pankiewicza Anastazego (Błogosławionego Anastazego Pankiewicza)","","Łódź","Łódź","łódzkie"
"93-369","Łódź","Górna","Budziszyńska","","Łódź","Łódź","łódzkie"
"93-539","Łódź","Górna","Zaolziańska","51-DK(n)","Łódź","Łódź","łódzkie"
"91-225","Łódź","Bałuty","Gruntowa","","Łódź","Łódź","łódzkie"
"91-103","Łódź","Bałuty","Łanowa","1-23(n), 2-20b(p)","Łódź","Łódź","łódzkie"
"91-174","Łódź","Bałuty","Romanowska","","Łódź","Łódź","łódzkie"
"(adsbygoogle = window.adsbygoogle || []).push({});"
"92-723","Łódź","Widzew","Goździkowa","","Łódź","Łódź","łódzkie"
"92-773","Łódź","Widzew","Oliwkowa","","Łódź","Łódź","łódzkie"
"93-219","Łódź","Widzew","Tatrzańska","21-69(n), 30-86(p)","Łódź","Łódź","łódzkie"
"93-405","Łódź","Górna","Skromna","","Łódź","Łódź","łódzkie"
"90-507","Łódź","Śródmieście","Gdańska","113-117a(n)","Łódź","Łódź","łódzkie"
"90-055","Łódź","Śródmieście","Nawrot","22-38a(p)","Łódź","Łódź","łódzkie"
"91-141","Łódź","Bałuty","Parcelacyjna","","Łódź","Łódź","łódzkie"
"93-362","Łódź","Górna","Bułgarska","","Łódź","Łódź","łódzkie"
"93-238","Łódź","Górna","Zapały Władysława","","Łódź","Łódź","łódzkie"
"91-363","Łódź","Bałuty","Gruszowa","","Łódź","Łódź","łódzkie"
"(adsbygoogle = window.adsbygoogle || []).push({});"
"91-527","Łódź","Bałuty","Łodzianka","1-10, 11-15(n)","Łódź","Łódź","łódzkie"
"91-520","Łódź","Bałuty","Romańska","","Łódź","Łódź","łódzkie"
"92-114","Łódź","Widzew","Górska","","Łódź","Łódź","łódzkie"
"92-417","Łódź","Widzew","Opolczyka Władysława (Księcia Władysława Opolczyka)","","Łódź","Łódź","łódzkie"
"92-706","Łódź","Widzew","Topolowa","","Łódź","Łódź","łódzkie"
"93-588","Łódź","Górna","Skrzywana Stefana (Inżyniera Stefana Skrzywana)","1-DK(n), 2-20(p)","Łódź","Łódź","łódzkie"
"90-111","Łódź","Śródmieście","Hotelowa","","Łódź","Łódź","łódzkie"
"90-014","Łódź","Śródmieście","Nawrot","40-52","Łódź","Łódź","łódzkie"
"91-362","Łódź","Bałuty","Pasieczna","","Łódź","Łódź","łódzkie"
"93-346","Łódź","Górna","Cegielniana","","Łódź","Łódź","łódzkie"
"(adsbygoogle = window.adsbygoogle || []).push({});"
"93-256","Łódź","Górna","Zapolskiej Gabrieli","41-57(n), 52-DK(p)","Łódź","Łódź","łódzkie"
"91-710","Łódź","Bałuty","Harcerska","","Łódź","Łódź","łódzkie"
"91-604","Łódź","Bałuty","Łodzianka","12-16(p), 17-DK","Łódź","Łódź","łódzkie"
"91-165","Łódź","Bałuty","Romera Eugeniusza (Profesora Eugeniusza Romera)","","Łódź","Łódź","łódzkie"
"92-639","Łódź","Widzew","Gromadzka","","Łódź","Łódź","łódzkie"
"92-215","Łódź","Widzew","Ormiańska","","Łódź","Łódź","łódzkie"
"92-410","Łódź","Widzew","Transmisyjna","","Łódź","Łódź","łódzkie"
"93-582","Łódź","Górna","Skrzywana Stefana (Inżyniera Stefana Skrzywana)","22-DK(p)","Łódź","Łódź","łódzkie"
"90-011","Łódź","Śródmieście","Im. Sienkiewicza Henryka Park","","Łódź","Łódź","łódzkie"
"90-018","Łódź","Śródmieście","Nawrot","53-61","Łódź","Łódź","łódzkie"
"(adsbygoogle = window.adsbygoogle || []).push({});"
"90-926","Łódź","Śródmieście","Piotrkowska","104","Łódź","Łódź","łódzkie"
"91-826","Łódź","Bałuty","Pasterska","","Łódź","Łódź","łódzkie"
"93-473","Łódź","Górna","Chachuły","","Łódź","Łódź","łódzkie"
"93-254","Łódź","Górna","Zapolskiej Gabrieli","50","Łódź","Łódź","łódzkie"
"91-144","Łódź","Bałuty","Harcerzy-Zatorowców Al.","","Łódź","Łódź","łódzkie"
"91-496","Łódź","Bałuty","Łososiowa","","Łódź","Łódź","łódzkie"
"91-502","Łódź","Bałuty","Roślinna","","Łódź","Łódź","łódzkie"
"93-217","Łódź","Widzew","Grota-Roweckiego Stefana (Generała Stefana Grota-Roweckiego)","","Łódź","Łódź","łódzkie"
"92-220","Łódź","Widzew","Oskardowa","","Łódź","Łódź","łódzkie"
"92-005","Łódź","Widzew","Turnie","","Łódź","Łódź","łódzkie"
"(adsbygoogle = window.adsbygoogle || []).push({});"
"93-410","Łódź","Górna","Skwerowa","","Łódź","Łódź","łódzkie"
"90-264","Łódź","Śródmieście","Jaracza Stefana","1-9(n)","Łódź","Łódź","łódzkie"
"90-039","Łódź","Śródmieście","Nawrot","85-95(n)","Łódź","Łódź","łódzkie"
"91-487","Łódź","Bałuty","Pawilońska","","Łódź","Łódź","łódzkie"
"93-139","Łódź","Górna","Chełmońskiego Józefa","","Łódź","Łódź","łódzkie"
"93-448","Łódź","Górna","Zarzeczna","","Łódź","Łódź","łódzkie"
"91-440","Łódź","Bałuty","Harnama Szymona","1-5","Łódź","Łódź","łódzkie"
"91-496","Łódź","Bałuty","Łozowa","","Łódź","Łódź","łódzkie"
"91-488","Łódź","Bałuty","Róż Al.","","Łódź","Łódź","łódzkie"
"92-714","Łódź","Widzew","Gryfa Pomorskiego","","Łódź","Łódź","łódzkie"
"(adsbygoogle = window.adsbygoogle || []).push({});"
"92-710","Łódź","Widzew","Ostróżek","","Łódź","Łódź","łódzkie"
"90-002","Łódź","Widzew","Tuwima Juliana","28","Łódź","Łódź","łódzkie"
"93-520","Łódź","Górna","Smocza","","Łódź","Łódź","łódzkie"
"90-268","Łódź","Śródmieście","Jaracza Stefana","2-10(p)","Łódź","Łódź","łódzkie"
"90-040","Łódź","Śródmieście","Nawrot","92-100(p)","Łódź","Łódź","łódzkie"
"91-866","Łódź","Bałuty","Perlicza","","Łódź","Łódź","łódzkie"
"93-239","Łódź","Górna","Chłędowskiego Kazimierza","","Łódź","Łódź","łódzkie"
"93-180","Łódź","Górna","Zarzewska","24-46","Łódź","Łódź","łódzkie"
"91-430","Łódź","Bałuty","Harnama Szymona","4a-DK(p), 7-DK(n)","Łódź","Łódź","łódzkie"
"91-527","Łódź","Bałuty","Łukaszewska","","Łódź","Łódź","łódzkie"
"(adsbygoogle = window.adsbygoogle || []).push({});"
"91-528","Łódź","Bałuty","Rubinowa","","Łódź","Łódź","łódzkie"
"92-616","Łódź","Widzew","Gwarna","","Łódź","Łódź","łódzkie"
"92-624","Łódź","Widzew","Ozdobna","","Łódź","Łódź","łódzkie"
"90-025","Łódź","Widzew","Tuwima Juliana","59-69(n)","Łódź","Łódź","łódzkie"
"93-257","Łódź","Górna","Smolna","","Łódź","Łódź","łódzkie"
"90-252","Łódź","Śródmieście","Jaracza Stefana","36-48(p), 37-43(n)","Łódź","Łódź","łódzkie"
"90-028","Łódź","Śródmieście","Nawrot","97-DK(n)","Łódź","Łódź","łódzkie"
"91-221","Łódź","Bałuty","Piaskowiec","","Łódź","Łódź","łódzkie"
"93-460","Łódź","Górna","Chocianowicka","","Łódź","Łódź","łódzkie"
"93-280","Łódź","Górna","Zbaraska","1-13(n)","Łódź","Łódź","łódzkie"
"(adsbygoogle = window.adsbygoogle || []).push({});"
"91-342","Łódź","Bałuty","Helska","","Łódź","Łódź","łódzkie"
"91-358","Łódź","Bałuty","Macierzanki","","Łódź","Łódź","łódzkie"
"91-364","Łódź","Bałuty","Rumiankowa","","Łódź","Łódź","łódzkie"
"92-006","Łódź","Widzew","Halna","","Łódź","Łódź","łódzkie"
"92-312","Łódź","Widzew","Papiernicza","","Łódź","Łódź","łódzkie"
"90-031","Łódź","Widzew","Tuwima Juliana","71-DK(n), 88-DK(p)","Łódź","Łódź","łódzkie"
"93-324","Łódź","Górna","Socjalna","","Łódź","Łódź","łódzkie"
"90-231","Łódź","Śródmieście","Jaszuńskiego Salomona","","Łódź","Łódź","łódzkie"
"91-414","Łódź","Śródmieście","Nowomiejska","1-DK(n)","Łódź","Łódź","łódzkie"
"91-054","Łódź","Bałuty","Piastowski Pl.","","Łódź","Łódź","łódzkie"
"(adsbygoogle = window.adsbygoogle || []).push({});"
"93-534","Łódź","Górna","Chocimska","","Łódź","Łódź","łódzkie"
"93-480","Łódź","Górna","Zenitowa","","Łódź","Łódź","łódzkie"
"91-604","Łódź","Bałuty","Herbowa","","Łódź","Łódź","łódzkie"
"91-334","Łódź","Bałuty","Mackiewicza Antoniego","1-6","Łódź","Łódź","łódzkie"
"91-336","Łódź","Bałuty","Rumuńska","","Łódź","Łódź","łódzkie"
"92-121","Łódź","Widzew","Harnasia","","Łódź","Łódź","łódzkie"
"92-629","Łódź","Widzew","Parandowskiego Jana","","Łódź","Łódź","łódzkie"
"90-365","Łódź","Widzew","Tymienieckiego Wincentego (Księdza Biskupa Wincentego Tymienieckiego)","1-13(n), 2-16(p)","Łódź","Łódź","łódzkie"
"93-459","Łódź","Górna","Solankowa","","Łódź","Łódź","łódzkie"
"90-434","Łódź","Śródmieście","Józewskiego Henryka Jana Al.","","Łódź","Łódź","łódzkie"
"(adsbygoogle = window.adsbygoogle || []).push({});"
"91-071","Łódź","Śródmieście","Ogrodowa","25-DK(n), 30-DK(p)","Łódź","Łódź","łódzkie"
"91-314","Łódź","Bałuty","Piekarska","","Łódź","Łódź","łódzkie"
"93-228","Łódź","Górna","Choińska","","Łódź","Łódź","łódzkie"
"93-414","Łódź","Górna","Zespołowa","","Łódź","Łódź","łódzkie"
"94-233","Łódź","Polesie","Husarska","","Łódź","Łódź","łódzkie"
"91-012","Łódź","Bałuty","Mahatmy Gandhiego","1-11(n), 2-14(p)","Łódź","Łódź","łódzkie"
"91-867","Łódź","Bałuty","Rybacka","","Łódź","Łódź","łódzkie"
"92-502","Łódź","Widzew","Haśka Jarosława","","Łódź","Łódź","łódzkie"
"92-319","Łódź","Widzew","Paryska","","Łódź","Łódź","łódzkie"
"90-337","Łódź","Widzew","Tymienieckiego Wincentego (Księdza Biskupa Wincentego Tymienieckiego)","29-DK(n), 40-DK(p)","Łódź","Łódź","łódzkie"
"(adsbygoogle = window.adsbygoogle || []).push({});"
"93-492","Łódź","Górna","Spławna","","Łódź","Łódź","łódzkie"
"90-241","Łódź","Śródmieście","Kamińskiego Aleksandra (Harcmistrza Aleksandra Kamińskiego)","36-DK(p)","Łódź","Łódź","łódzkie"
"90-317","Łódź","Śródmieście","Orla","","Łódź","Łódź","łódzkie"
"90-930","Łódź","Śródmieście","Zamenhofa Ludwika","2","Łódź","Łódź","łódzkie"
"91-161","Łódź","Bałuty","Piętaka Stanisława","","Łódź","Łódź","łódzkie"
"93-531","Łódź","Górna","Ciasna","18-DK(p), 21-DK(n)","Łódź","Łódź","łódzkie"
"93-371","Łódź","Górna","Zgodna","","Łódź","Łódź","łódzkie"
"94-412","Łódź","Polesie","Huta Jagodnica","","Łódź","Łódź","łódzkie"
"91-015","Łódź","Bałuty","Mahatmy Gandhiego","13-DK(n), 16-DK(p)","Łódź","Łódź","łódzkie"
"91-055","Łódź","Bałuty","Rybna","1-DK(n)","Łódź","Łódź","łódzkie"
"(adsbygoogle = window.adsbygoogle || []).push({});"
"92-413","Łódź","Widzew","Henryka Brodatego","","Łódź","Łódź","łódzkie"
"92-734","Łódź","Widzew","Peoniowa","","Łódź","Łódź","łódzkie"
"92-647","Łódź","Widzew","Usługowa","","Łódź","Łódź","łódzkie"
"93-349","Łódź","Górna","Spokojna","","Łódź","Łódź","łódzkie"
"90-457","Łódź","Śródmieście","Katedralny Imienia Jana Pawła II Pl.","","Łódź","Łódź","łódzkie"
"91-725","Łódź","Śródmieście","Palki Grzegorza Al.","4-8(p), 7-11(n)","Łódź","Łódź","łódzkie"
"91-601","Łódź","Bałuty","Piliczna","1-12","Łódź","Łódź","łódzkie"
"93-631","Łódź","Górna","Cierniówki","","Łódź","Łódź","łódzkie"
"93-473","Łódź","Górna","Zuchów","","Łódź","Łódź","łódzkie"
"93-569","Łódź","Polesie","Inżynierska","","Łódź","Łódź","łódzkie"
"(adsbygoogle = window.adsbygoogle || []).push({});"
"91-163","Łódź","Bałuty","Majewskiego Hilarego","","Łódź","Łódź","łódzkie"
"91-211","Łódź","Bałuty","Rydzowa","","Łódź","Łódź","łódzkie"
"91-089","Łódź","Bałuty","Włókniarzy Al.","151","Łódź","Łódź","łódzkie"
"92-115","Łódź","Widzew","Pieniny","30","Łódź","Łódź","łódzkie"
"93-218","Łódź","Widzew","Wandurskiego Witolda","","Łódź","Łódź","łódzkie"
"93-329","Łódź","Górna","Społeczna","11-DK","Łódź","Łódź","łódzkie"
"90-209","Łódź","Śródmieście","Kilińskiego Jana","10-22(p)","Łódź","Łódź","łódzkie"
"90-231","Łódź","Śródmieście","Pilarskiego Józefa","","Łódź","Łódź","łódzkie"
"91-504","Łódź","Bałuty","Piliczna","13-DK","Łódź","Łódź","łódzkie"
"93-559","Łódź","Górna","Cieszkowskiego Augusta","17-DK","Łódź","Łódź","łódzkie"
"(adsbygoogle = window.adsbygoogle || []).push({});"
"93-331","Łódź","Górna","Zygmunta","51-107(n), 56-108(p)","Łódź","Łódź","łódzkie"
"94-261","Łódź","Polesie","Jeździecka","","Łódź","Łódź","łódzkie"
"91-480","Łódź","Bałuty","Makowa","","Łódź","Łódź","łódzkie"
"91-855","Łódź","Bałuty","Rysownicza","1-37(n), 2-34(p)","Łódź","Łódź","łódzkie"
"91-348","Łódź","Bałuty","Włókniarzy Al.","50","Łódź","Łódź","łódzkie"
"92-622","Łódź","Widzew","Pieśni Rycerskiej","","Łódź","Łódź","łódzkie"
"92-731","Łódź","Widzew","Wendy Tadeusza Apolinarego","","Łódź","Łódź","łódzkie"
"93-313","Łódź","Górna","Społeczna","1-5(n), 6-7, 8-10(p)","Łódź","Łódź","łódzkie"
"90-013","Łódź","Śródmieście","Kilińskiego Jana","108-132(p)","Łódź","Łódź","łódzkie"
"90-306","Łódź","Śródmieście","Piłsudskiego Józefa Al. (Marszałka Józefa Piłsudskiego)","15-23(n)","Łódź","Łódź","łódzkie"
"(adsbygoogle = window.adsbygoogle || []).push({});"
"91-364","Łódź","Bałuty","Piołunowa","","Łódź","Łódź","łódzkie"
"93-554","Łódź","Górna","Cieszyńska","14-DK(p), 37-DK(n)","Łódź","Łódź","łódzkie"
"93-520","Łódź","Górna","Zygmuntowska","1-9(n), 2-6(p)","Łódź","Łódź","łódzkie"
"94-022","Łódź","Polesie","Kajakowa","","Łódź","Łódź","łódzkie"
"91-360","Łódź","Bałuty","Malachitowa","","Łódź","Łódź","łódzkie"
"91-605","Łódź","Bałuty","Rżewskiego Aleksego","","Łódź","Łódź","łódzkie"
"91-498","Łódź","Bałuty","Wodnika","","Łódź","Łódź","łódzkie"
"92-236","Łódź","Widzew","Piłsudskiego Józefa Al. (Marszałka Józefa Piłsudskiego)","102-128(p)","Łódź","Łódź","łódzkie"
"92-014","Łódź","Widzew","Weselna","","Łódź","Łódź","łódzkie"
"93-263","Łódź","Górna","Staffa Leopolda","","Łódź","Łódź","łódzkie"
"(adsbygoogle = window.adsbygoogle || []).push({});"
"90-205","Łódź","Śródmieście","Kilińskiego Jana","11-25(n)","Łódź","Łódź","łódzkie"
"90-307","Łódź","Śródmieście","Piłsudskiego Józefa Al. (Marszałka Józefa Piłsudskiego)","25-55(n)","Łódź","Łódź","łódzkie"
"91-528","Łódź","Bałuty","Pirytowa","","Łódź","Łódź","łódzkie"
"93-323","Łódź","Górna","Codzienna","","Łódź","Łódź","łódzkie"
"93-256","Łódź","Górna","Żmichowskiej Narcyzy","20-24(p)","Łódź","Łódź","łódzkie"
"94-264","Łódź","Polesie","Kanonierska","","Łódź","Łódź","łódzkie"
"91-474","Łódź","Bałuty","Malwowa","1-5(n), 2-10(p)","Łódź","Łódź","łódzkie"
"91-465","Łódź","Bałuty","Sadowa","1-21","Łódź","Łódź","łódzkie"
"91-720","Łódź","Bałuty","Wojska Polskiego","113-151(n), 150-164(p)","Łódź","Łódź","łódzkie"
"92-230","Łódź","Widzew","Piłsudskiego Józefa Al. (Marszałka Józefa Piłsudskiego)","130-DK(p)","Łódź","Łódź","łódzkie"
"(adsbygoogle = window.adsbygoogle || []).push({});"
"92-314","Łódź","Widzew","Węgierska","","Łódź","Łódź","łódzkie"
"93-491","Łódź","Górna","Starogardzka","","Łódź","Łódź","łódzkie"
"90-049","Łódź","Śródmieście","Kilińskiego Jana","113-137(n)","Łódź","Łódź","łódzkie"
"90-329","Łódź","Śródmieście","Piłsudskiego Józefa Al. (Marszałka Józefa Piłsudskiego)","71","Łódź","Łódź","łódzkie"
"91-232","Łódź","Bałuty","Pistacjowa","","Łódź","Łódź","łódzkie"
"93-649","Łódź","Górna","Czajewskiego Wiktora","39-DK(n)","Łódź","Łódź","łódzkie"
"93-156","Łódź","Górna","Żmichowskiej Narcyzy","3-5(n)","Łódź","Łódź","łódzkie"
"94-273","Łódź","Polesie","Kapitańska","","Łódź","Łódź","łódzkie"
"91-470","Łódź","Bałuty","Marcina","","Łódź","Łódź","łódzkie"
"91-143","Łódź","Bałuty","Sałatowa","","Łódź","Łódź","łódzkie"
"(adsbygoogle = window.adsbygoogle || []).push({});"
"91-439","Łódź","Bałuty","Wojska Polskiego","1-13(n)","Łódź","Łódź","łódzkie"
"92-301","Łódź","Widzew","Piłsudskiego Józefa Al. (Marszałka Józefa Piłsudskiego)","143-DK(n)","Łódź","Łódź","łódzkie"
"92-760","Łódź","Widzew","Wiączyńska","","Łódź","Łódź","łódzkie"
"93-403","Łódź","Górna","Starorudzka","3-39a(n)","Łódź","Łódź","łódzkie"
"90-315","Łódź","Śródmieście","Kilińskiego Jana","139-163(n)","Łódź","Łódź","łódzkie"
"90-004","Łódź","Śródmieście","Piotrkowska","100-108(p)","Łódź","Łódź","łódzkie"
"91-003","Łódź","Bałuty","Piwna","1-25(n), 2-22(p)","Łódź","Łódź","łódzkie"
"93-121","Łódź","Górna","Częstochowska","38/52","Łódź","Łódź","łódzkie"
"93-031","Łódź","Górna","Żółkiewskiego Stanisława","","Łódź","Łódź","łódzkie"
"90-960","Łódź","Polesie","Karolewska","43-51(n)","Łódź","Łódź","łódzkie"
"(adsbygoogle = window.adsbygoogle || []).push({});"
"91-803","Łódź","Bałuty","Marynarska","1-37(n), 2-54a(p)","Łódź","Łódź","łódzkie"
"91-219","Łódź","Bałuty","Samopomocy","","Łódź","Łódź","łódzkie"
"91-822","Łódź","Bałuty","Wojska Polskiego","24-30(p)","Łódź","Łódź","łódzkie"
"90-329","Łódź","Widzew","Piłsudskiego Józefa Al. (Marszałka Józefa Piłsudskiego)","61-79(n)","Łódź","Łódź","łódzkie"
"92-229","Łódź","Widzew","Widzewska","1-19","Łódź","Łódź","łódzkie"
"93-424","Łódź","Górna","Starorudzka","38-92(p), 41-69(n)","Łódź","Łódź","łódzkie"
"90-257","Łódź","Śródmieście","Kilińskiego Jana","39-51(n)","Łódź","Łódź","łódzkie"
"90-007","Łódź","Śródmieście","Piotrkowska","110-112(p)","Łódź","Łódź","łódzkie"
"91-048","Łódź","Bałuty","Piwna","24-DK(p), 27-DK(n)","Łódź","Łódź","łódzkie"
"93-633","Łódź","Górna","Czółenkowa","","Łódź","Łódź","łódzkie"
"(adsbygoogle = window.adsbygoogle || []).push({});"
"93-363","Łódź","Górna","Żółta","","Łódź","Łódź","łódzkie"
"94-406","Łódź","Polesie","Kinga C. Gillette","","Łódź","Łódź","łódzkie"
"91-850","Łódź","Bałuty","Marysińska","35-89","Łódź","Łódź","łódzkie"
"91-531","Łódź","Bałuty","Sapieżyńska","","Łódź","Łódź","łódzkie"
"91-432","Łódź","Bałuty","Wojska Polskiego","29-71(n)","Łódź","Łódź","łódzkie"
"92-202","Łódź","Widzew","Piłsudskiego Józefa Al. (Marszałka Józefa Piłsudskiego)","80-98(p)","Łódź","Łódź","łódzkie"
"92-308","Łódź","Widzew","Wiejska","","Łódź","Łódź","łódzkie"
"93-362","Łódź","Górna","Starościńska","","Łódź","Łódź","łódzkie"
"90-118","Łódź","Śródmieście","Kilińskiego Jana","53-71(n), 54-66(p)","Łódź","Łódź","łódzkie"
"90-430","Łódź","Śródmieście","Piotrkowska","113-127(n)","Łódź","Łódź","łódzkie"
"(adsbygoogle = window.adsbygoogle || []).push({});"
"91-226","Łódź","Bałuty","Planetarna","","Łódź","Łódź","łódzkie"
"93-640","Łódź","Górna","Czternastu Straconych","","Łódź","Łódź","łódzkie"
"93-429","Łódź","Górna","Żwawa","","Łódź","Łódź","łódzkie"
"94-125","Łódź","Polesie","Kolarska","193-DK(n)","Łódź","Łódź","łódzkie"
"91-225","Łódź","Bałuty","Marzanny","","Łódź","Łódź","łódzkie"
"91-490","Łódź","Bałuty","Sasanek","","Łódź","Łódź","łódzkie"
"91-816","Łódź","Bałuty","Wojska Polskiego","32-64a(p)","Łódź","Łódź","łódzkie"
"92-008","Łódź","Widzew","Podgórze","","Łódź","Łódź","łódzkie"
"92-633","Łódź","Widzew","Wieśniacza","","Łódź","Łódź","łódzkie"
"93-242","Łódź","Górna","Startowa","","Łódź","Łódź","łódzkie"
"(adsbygoogle = window.adsbygoogle || []).push({});"
"90-119","Łódź","Śródmieście","Kilińskiego Jana","68-80(p), 73-91(n)","Łódź","Łódź","łódzkie"
"90-063","Łódź","Śródmieście","Piotrkowska","146-160(p)","Łódź","Łódź","łódzkie"
"91-156","Łódź","Bałuty","Plonowa","","Łódź","Łódź","łódzkie"
"93-302","Łódź","Górna","Czytelnicza","","Łódź","Łódź","łódzkie"
"93-155","Łódź","Górna","Żwirowa","","Łódź","Łódź","łódzkie"
"94-116","Łódź","Polesie","Komandorska","","Łódź","Łódź","łódzkie"
"91-613","Łódź","Bałuty","Mateusza","","Łódź","Łódź","łódzkie"
"91-535","Łódź","Bałuty","Sawickiego Józefa","","Łódź","Łódź","łódzkie"
"91-809","Łódź","Bałuty","Wojska Polskiego","66-106(p)","Łódź","Łódź","łódzkie"
"92-402","Łódź","Widzew","Polskich Kolei Państwowych","","Łódź","Łódź","łódzkie"
"(adsbygoogle = window.adsbygoogle || []).push({});"
"92-625","Łódź","Widzew","Wilgotna","","Łódź","Łódź","łódzkie"
"93-420","Łódź","Górna","Statutowa","","Łódź","Łódź","łódzkie"
"90-012","Łódź","Śródmieście","Kilińskiego Jana","82-106(p)","Łódź","Łódź","łódzkie"
"90-440","Łódź","Śródmieście","Piotrkowska","147-163(n)","Łódź","Łódź","łódzkie"
"91-464","Łódź","Bałuty","Pocztowa","","Łódź","Łódź","łódzkie"
"93-304","Łódź","Górna","Dachowa","","Łódź","Łódź","łódzkie"
"93-377","Łódź","Górna","Żywotna","","Łódź","Łódź","łódzkie"
"94-134","Łódź","Polesie","Konarzewskiego Tomasza","","Łódź","Łódź","łódzkie"
"91-502","Łódź","Bałuty","Metalowa","","Łódź","Łódź","łódzkie"
"91-521","Łódź","Bałuty","Secesyjna","","Łódź","Łódź","łódzkie"
"(adsbygoogle = window.adsbygoogle || []).push({});"
"91-755","Łódź","Bałuty","Wojska Polskiego","81-93(n)","Łódź","Łódź","łódzkie"
"92-110","Łódź","Widzew","Połoniny","","Łódź","Łódź","łódzkie"
"92-328","Łódź","Widzew","Winna","","Łódź","Łódź","łódzkie"
"93-325","Łódź","Górna","Sternfelda Ary","","Łódź","Łódź","łódzkie"
"90-011","Łódź","Śródmieście","Kilińskiego Jana","93-111(n)","Łódź","Łódź","łódzkie"
"90-447","Łódź","Śródmieście","Piotrkowska","165-195(n)","Łódź","Łódź","łódzkie"
"91-364","Łódź","Bałuty","Podbiałowa","","Łódź","Łódź","łódzkie"
"93-479","Łódź","Górna","Daktylowa","","Łódź","Łódź","łódzkie"
"90-718","Łódź","Polesie","1 Maja Al.","2-28(p)","Łódź","Łódź","łódzkie"
"94-303","Łódź","Polesie","Konstantynowska","1-71(n), 2-44(p)","Łódź","Łódź","łódzkie"
"(adsbygoogle = window.adsbygoogle || []).push({});"
"91-226","Łódź","Bałuty","Mglista","","Łódź","Łódź","łódzkie"
"91-725","Łódź","Bałuty","Setna","","Łódź","Łódź","łódzkie"
"91-434","Łódź","Bałuty","Wolborska","","Łódź","Łódź","łódzkie"
"92-209","Łódź","Widzew","Pomorska","168-200(p), 187-249(n)","Łódź","Łódź","łódzkie"
"92-782","Łódź","Widzew","Witkacego","","Łódź","Łódź","łódzkie"
"93-318","Łódź","Górna","Strażacka","","Łódź","Łódź","łódzkie"
"90-129","Łódź","Śródmieście","Knychalskiego Witolda","","Łódź","Łódź","łódzkie"
"90-369","Łódź","Śródmieście","Piotrkowska","198-222(p)","Łódź","Łódź","łódzkie"
"91-006","Łódź","Bałuty","Podrzeczna","2-DK(p), 11-DK(n)","Łódź","Łódź","łódzkie"
"93-493","Łódź","Górna","Darniowa","","Łódź","Łódź","łódzkie"
"(adsbygoogle = window.adsbygoogle || []).push({});"
"90-740","Łódź","Polesie","1 Maja Al.","41-63(n)","Łódź","Łódź","łódzkie"
"90-509","Łódź","Polesie","Kopernika Mikołaja","1-12","Łódź","Łódź","łódzkie"
"91-849","Łódź","Bałuty","Miarki Karola","","Łódź","Łódź","łódzkie"
"91-232","Łódź","Bałuty","Sezamkowa","","Łódź","Łódź","łódzkie"
"91-849","Łódź","Bałuty","Wolff Heleny","","Łódź","Łódź","łódzkie"
"92-213","Łódź","Widzew","Pomorska","202-234(p), 249a-271(n)","Łódź","Łódź","łódzkie"
"90-024","Łódź","Widzew","Wodna","1-25(n), 2-30(p)","Łódź","Łódź","łódzkie"
"93-428","Łódź","Górna","Strefowa","","Łódź","Łódź","łódzkie"
"91-427","Łódź","Śródmieście","Kołłątaja Hugona (Księdza Hugona Kołłątaja)","","Łódź","Łódź","łódzkie"
"90-361","Łódź","Śródmieście","Piotrkowska","252-278(p)","Łódź","Łódź","łódzkie"
"(adsbygoogle = window.adsbygoogle || []).push({});"
"62-061","Łódź","Łódź","","","Stęszew","poznański","wielkopolskie"
"91-054","Łódź","Bałuty","Podwórzowa","","Łódź","Łódź","łódzkie"
"93-415","Łódź","Górna","Dawna","","Łódź","Łódź","łódzkie"
"90-756","Łódź","Polesie","1 Maja Al.","46-88(p)","Łódź","Łódź","łódzkie"
"90-503","Łódź","Polesie","Kopernika Mikołaja","13-23(n), 16-26(p)","Łódź","Łódź","łódzkie"
"91-866","Łódź","Bałuty","Miętowa","","Łódź","Łódź","łódzkie"
"91-321","Łódź","Bałuty","Sędziowska","1-DK(n)","Łódź","Łódź","łódzkie"
"91-162","Łódź","Bałuty","Wolińska","","Łódź","Łódź","łódzkie"
"92-013","Łódź","Widzew","Pomorska","236-294(p), 273-309(n)","Łódź","Łódź","łódzkie"
"92-551","Łódź","Widzew","Wujaka Zdzisława (Księdza Zdzisława Wujaka)","","Łódź","Łódź","łódzkie"
"(adsbygoogle = window.adsbygoogle || []).push({});"
"93-516","Łódź","Górna","Strycharska","21-DK(n), 30-DK(p)","Łódź","Łódź","łódzkie"
"90-007","Łódź","Śródmieście","Komuny Paryskiej Pl.","","Łódź","Łódź","łódzkie"
"90-265","Łódź","Śródmieście","Piotrkowska","34-52(p)","Łódź","Łódź","łódzkie"
"91-370","Łódź","Bałuty","11 Listopada","3-25(n), 12-20a(p)","Łódź","Łódź","łódzkie"
"91-328","Łódź","Bałuty","Pojezierska","26-32(p)","Łódź","Łódź","łódzkie"
"93-177","Łódź","Górna","Dąbrowskiego Jarosława (Generała Jarosława Dąbrowskiego)","13-57(n)","Łódź","Łódź","łódzkie"
"90-755","Łódź","Polesie","1 Maja Al.","65-95(n)","Łódź","Łódź","łódzkie"
"90-552","Łódź","Polesie","Kopernika Mikołaja","33-49(n), 36-44(p)","Łódź","Łódź","łódzkie"
"91-605","Łódź","Bałuty","Mikowa","","Łódź","Łódź","łódzkie"
"91-042","Łódź","Bałuty","Sierakowskiego Zygmunta","1-13(n), 2-16(p)","Łódź","Łódź","łódzkie"
"(adsbygoogle = window.adsbygoogle || []).push({});"
"91-603","Łódź","Bałuty","Woskowa","","Łódź","Łódź","łódzkie"
"92-735","Łódź","Widzew","Popielarnia","","Łódź","Łódź","łódzkie"
"92-333","Łódź","Widzew","Wydawnicza","","Łódź","Łódź","łódzkie"
"93-323","Łódź","Górna","Strzelecka","1-6","Łódź","Łódź","łódzkie"
"90-153","Łódź","Śródmieście","Kopcińskiego Stefana (Doktora Stefana Kopcińskiego)","20-22(p)","Łódź","Łódź","łódzkie"
"90-105","Łódź","Śródmieście","Piotrkowska","54-70(p)","Łódź","Łódź","łódzkie"
"91-372","Łódź","Bałuty","11 Listopada","71-87(n)","Łódź","Łódź","łódzkie"
"91-341","Łódź","Bałuty","Pojezierska","68-88(p), 87-89(n), 90-DK","Łódź","Łódź","łódzkie"
"93-231","Łódź","Górna","Dąbrowskiego Jarosława (Generała Jarosława Dąbrowskiego)","72a-DK(p), 117-249(n)","Łódź","Łódź","łódzkie"
"90-766","Łódź","Polesie","1 Maja Al.","90-DK(p), 97-DK(n)","Łódź","Łódź","łódzkie"
"(adsbygoogle = window.adsbygoogle || []).push({});"
"90-553","Łódź","Polesie","Kopernika Mikołaja","46, 48-DK","Łódź","Łódź","łódzkie"
"91-864","Łódź","Bałuty","Mimozy","","Łódź","Łódź","łódzkie"
"91-321","Łódź","Bałuty","Sierakowskiego Zygmunta","37-47(n), 46-58(p)","Łódź","Łódź","łódzkie"
"91-052","Łódź","Bałuty","Wrocławska","1-DK(n), 2-10(p)","Łódź","Łódź","łódzkie"
"92-609","Łódź","Widzew","Porazińskiej Janiny","","Łódź","Łódź","łódzkie"
"90-036","Łódź","Widzew","Wysoka","20-32(p), 21-29(n)","Łódź","Łódź","łódzkie"
"93-632","Łódź","Górna","Suszarniana","","Łódź","Łódź","łódzkie"
"90-232","Łódź","Śródmieście","Kopcińskiego Stefana (Doktora Stefana Kopcińskiego)","2-18(p)","Łódź","Łódź","łódzkie"
"90-422","Łódź","Śródmieście","Piotrkowska","65-75(n)","Łódź","Łódź","łódzkie"
"91-305","Łódź","Bałuty","Adwokacka","","Łódź","Łódź","łódzkie"
"(adsbygoogle = window.adsbygoogle || []).push({});"
"91-024","Łódź","Bałuty","Pola Wincentego","1-18","Łódź","Łódź","łódzkie"
"93-348","Łódź","Górna","Demokratyczna","110-114(p), 115-125(n)","Łódź","Łódź","łódzkie"
"90-616","Łódź","Polesie","6 Sierpnia","15-33(n)","Łódź","Łódź","łódzkie"
"94-056","Łódź","Polesie","Kostki-Napierskiego Aleksandra","","Łódź","Łódź","łódzkie"
"91-838","Łódź","Bałuty","Młynarska","38-46(p), 41-57(n)","Łódź","Łódź","łódzkie"
"91-175","Łódź","Bałuty","Sikiryckiego Igora","","Łódź","Łódź","łódzkie"
"91-050","Łódź","Bałuty","Wróbla","","Łódź","Łódź","łódzkie"
"92-210","Łódź","Widzew","Poronińska","","Łódź","Łódź","łódzkie"
"92-107","Łódź","Widzew","Wyżynna","","Łódź","Łódź","łódzkie"
"93-176","Łódź","Górna","Suwalska","10-DK(p), 15-DK(n)","Łódź","Łódź","łódzkie"
"(adsbygoogle = window.adsbygoogle || []).push({});"
"90-143","Łódź","Śródmieście","Kopcińskiego Stefana (Doktora Stefana Kopcińskiego)","33-49(n)","Łódź","Łódź","łódzkie"
"90-102","Łódź","Śródmieście","Piotrkowska","72-84(p)","Łódź","Łódź","łódzkie"
"91-531","Łódź","Bałuty","Aksamitna","","Łódź","Łódź","łódzkie"
"91-725","Łódź","Bałuty","Popularna","","Łódź","Łódź","łódzkie"
"93-430","Łódź","Górna","Demokratyczna","15-113(n), 16-108(p)","Łódź","Łódź","łódzkie"
"90-646","Łódź","Polesie","6 Sierpnia","1-7(n), 68-104(p)","Łódź","Łódź","łódzkie"
"94-017","Łódź","Polesie","Kowieńska","","Łódź","Łódź","łódzkie"
"91-843","Łódź","Bałuty","Młynarska","48-DK(p), 59-DK(n)","Łódź","Łódź","łódzkie"
"91-497","Łódź","Bałuty","Sikorskiego Władysława Al. (Generała Władysława Sikorskiego)","","Łódź","Łódź","łódzkie"
"91-051","Łódź","Bałuty","Wrześnieńska","1-16","Łódź","Łódź","łódzkie"
"(adsbygoogle = window.adsbygoogle || []).push({});"
"92-002","Łódź","Widzew","Potokowa","","Łódź","Łódź","łódzkie"
"92-606","Łódź","Widzew","Zabawna","","Łódź","Łódź","łódzkie"
"93-362","Łódź","Górna","Szkolna","","Łódź","Łódź","łódzkie"
"90-446","Łódź","Śródmieście","Kościuszki Tadeusza Al.","118-120(p)","Łódź","Łódź","łódzkie"
"90-425","Łódź","Śródmieście","Piotrkowska","97-111(n)","Łódź","Łódź","łódzkie"
"91-227","Łódź","Bałuty","Akwarelowa","","Łódź","Łódź","łódzkie"
"91-867","Łódź","Bałuty","Porzeczkowa","","Łódź","Łódź","łódzkie"
"93-203","Łódź","Górna","Deotymy","8-36(p)","Łódź","Łódź","łódzkie"
"90-637","Łódź","Polesie","6 Sierpnia","38-54(p)","Łódź","Łódź","łódzkie"
"94-302","Łódź","Polesie","Krakowska","1-17(n), 2-52(p)","Łódź","Łódź","łódzkie"
"(adsbygoogle = window.adsbygoogle || []).push({});"
"91-356","Łódź","Bałuty","Moczarowa","","Łódź","Łódź","łódzkie"
"91-495","Łódź","Bałuty","Sitowie","","Łódź","Łódź","łódzkie"
"91-049","Łódź","Bałuty","Wrześnieńska","17-41(n)","Łódź","Łódź","łódzkie"
"92-728","Łódź","Widzew","Prymulkowa","","Łódź","Łódź","łódzkie"
"92-430","Łódź","Widzew","Zagłoby Jana Onufrego","","Łódź","Łódź","łódzkie"
"93-333","Łódź","Górna","Szumna","","Łódź","Łódź","łódzkie"
"90-418","Łódź","Śródmieście","Kościuszki Tadeusza Al.","1-43(n)","Łódź","Łódź","łódzkie"
"90-254","Łódź","Śródmieście","Piramowicza Grzegorza","","Łódź","Łódź","łódzkie"
"91-201","Łódź","Bałuty","Aleksandrowska","11","Łódź","Łódź","łódzkie"
"91-035","Łódź","Bałuty","Powstańców Wielkopolskich","25-29(n)","Łódź","Łódź","łódzkie"
"(adsbygoogle = window.adsbygoogle || []).push({});"
"93-410","Łódź","Górna","Deszczowa","","Łódź","Łódź","łódzkie"
"90-638","Łódź","Polesie","6 Sierpnia","56-66(p)","Łódź","Łódź","łódzkie"
"94-214","Łódź","Polesie","Krakowska","19-DK(n), 54-124(p)","Łódź","Łódź","łódzkie"
"91-046","Łódź","Bałuty","Modra","","Łódź","Łódź","łódzkie"
"91-473","Łódź","Bałuty","Skarbowa","","Łódź","Łódź","łódzkie"
"91-045","Łódź","Bałuty","Wrześnieńska","43-75(n), 50-68(p)","Łódź","Łódź","łódzkie"
"92-114","Łódź","Widzew","Przełęcz","","Łódź","Łódź","łódzkie"
"92-402","Łódź","Widzew","Zakładowa","","Łódź","Łódź","łódzkie"
"93-243","Łódź","Górna","Szybowa","","Łódź","Łódź","łódzkie"
"90-427","Łódź","Śródmieście","Kościuszki Tadeusza Al.","38-50(p)","Łódź","Łódź","łódzkie"
"(adsbygoogle = window.adsbygoogle || []).push({});"
"90-255","Łódź","Śródmieście","Polskiej Organizacji Wojskowej","1-15(n), 2-18(p)","Łódź","Łódź","łódzkie"
"91-151","Łódź","Bałuty","Aleksandrowska","38-54(p)","Łódź","Łódź","łódzkie"
"91-040","Łódź","Bałuty","Powstańców Wielkopolskich","3-20","Łódź","Łódź","łódzkie"
"93-102","Łódź","Górna","Dębowa","","Łódź","Łódź","łódzkie"
"90-645","Łódź","Polesie","6 Sierpnia","63-71(n)","Łódź","Łódź","łódzkie"
"94-305","Łódź","Polesie","Krańcowa","","Łódź","Łódź","łódzkie"
"91-034","Łódź","Bałuty","Mokra","","Łódź","Łódź","łódzkie"
"91-510","Łódź","Bałuty","Skowrończa","","Łódź","Łódź","łódzkie"
"91-479","Łódź","Bałuty","Wrzosowa","","Łódź","Łódź","łódzkie"
"92-404","Łódź","Widzew","Przewozowa","","Łódź","Łódź","łódzkie"
"(adsbygoogle = window.adsbygoogle || []).push({});"
"93-220","Łódź","Widzew","Zawodowa","","Łódź","Łódź","łódzkie"
"93-426","Łódź","Górna","Szymanowskiego Karola","","Łódź","Łódź","łódzkie"
"90-432","Łódź","Śródmieście","Kościuszki Tadeusza Al.","66-70(p), 67","Łódź","Łódź","łódzkie"
"90-248","Łódź","Śródmieście","Polskiej Organizacji Wojskowej","17-29(n), 20-32(p)","Łódź","Łódź","łódzkie"
"91-205","Łódź","Bałuty","Aleksandrowska","47-137(n)","Łódź","Łódź","łódzkie"
"91-496","Łódź","Bałuty","Poziomkowa","1-42","Łódź","Łódź","łódzkie"
"93-486","Łódź","Górna","Dobrzyńska","","Łódź","Łódź","łódzkie"
"94-046","Łódź","Polesie","Armii Krajowej","","Łódź","Łódź","łódzkie"
"94-017","Łódź","Polesie","Krzemieniecka","1-9(n), 4-28(p)","Łódź","Łódź","łódzkie"
"91-223","Łódź","Bałuty","Morgowa","1-17(n), 2-10(p)","Łódź","Łódź","łódzkie"
"(adsbygoogle = window.adsbygoogle || []).push({});"
"91-475","Łódź","Bałuty","Skrzypowa","","Łódź","Łódź","łódzkie"
"91-470","Łódź","Bałuty","Wspólna","27-DK(n), 30-DK(p)","Łódź","Łódź","łódzkie"
"93-286","Łódź","Widzew","Przędzalniana","102-124(p), 111-155a(n)","Łódź","Łódź","łódzkie"
"92-104","Łódź","Widzew","Zbójnicka","","Łódź","Łódź","łódzkie"
"93-266","Łódź","Górna","Śmigłego-Rydza Edwarda Al. (Marszałka Edwarda Śmigłego-Rydza)","84-86(p)","Łódź","Łódź","łódzkie"
"90-436","Łódź","Śródmieście","Kościuszki Tadeusza Al.","69-95(n)","Łódź","Łódź","łódzkie"
"90-135","Łódź","Śródmieście","Polskiej Organizacji Wojskowej","31","Łódź","Łódź","łódzkie"
"91-156","Łódź","Bałuty","Alzacka","","Łódź","Łódź","łódzkie"
"91-511","Łódź","Bałuty","Poziomkowa","43-DK(n), 52-DK(p)","Łódź","Łódź","łódzkie"
"93-413","Łódź","Górna","Dolnośląska","","Łódź","Łódź","łódzkie"
"(adsbygoogle = window.adsbygoogle || []).push({});"
"94-230","Łódź","Polesie","Artylerzystów","","Łódź","Łódź","łódzkie"
"94-303","Łódź","Polesie","Krzemieniecka","36","Łódź","Łódź","łódzkie"
"91-231","Łódź","Bałuty","Morgowa","12-DK(p), 19-DK(n)","Łódź","Łódź","łódzkie"
"91-175","Łódź","Bałuty","Skwarczyńskiej Stefanii","","Łódź","Łódź","łódzkie"
"91-518","Łódź","Bałuty","Wycieczkowa","14-DK(p), 27-DK(n)","Łódź","Łódź","łódzkie"
"90-035","Łódź","Widzew","Przędzalniana","26-36(p), 27-43(n)","Łódź","Łódź","łódzkie"
"90-329","Łódź","Widzew","Źródliska I (Palmiarnia) Park","","Łódź","Łódź","łódzkie"
"93-442","Łódź","Górna","Świerszczyka","","Łódź","Łódź","łódzkie"
"90-442","Łódź","Śródmieście","Kościuszki Tadeusza Al.","94-116(p)","Łódź","Łódź","łódzkie"
"90-233","Łódź","Śródmieście","Pomorska","107-121(n)","Łódź","Łódź","łódzkie"
"(adsbygoogle = window.adsbygoogle || []).push({});"
"91-227","Łódź","Bałuty","Arktyczna","","Łódź","Łódź","łódzkie"
"91-304","Łódź","Bałuty","Profesorska","","Łódź","Łódź","łódzkie"
"93-140","Łódź","Górna","Doroszewskiego Witolda","","Łódź","Łódź","łódzkie"
"91-082","Łódź","Polesie","Augustyniaka Jana","","Łódź","Łódź","łódzkie"
"94-119","Łódź","Polesie","Kubusia Puchatka","","Łódź","Łódź","łódzkie"
"91-348","Łódź","Bałuty","Morwowa","","Łódź","Łódź","łódzkie"
"91-225","Łódź","Bałuty","Słomiana","","Łódź","Łódź","łódzkie"
"91-614","Łódź","Bałuty","Wycieczkowa","1-8","Łódź","Łódź","łódzkie"
"90-333","Łódź","Widzew","Przędzalniana","44-58(p), 45-47(n)","Łódź","Łódź","łódzkie"
"90-329","Łódź","Widzew","Źródliska II Park","","Łódź","Łódź","łódzkie"
"(adsbygoogle = window.adsbygoogle || []).push({});"
"93-413","Łódź","Górna","Świetlicowa","","Łódź","Łódź","łódzkie"
"90-441","Łódź","Śródmieście","Kościuszki Tadeusza Al.","97-DK(n)","Łódź","Łódź","łódzkie"
"90-235","Łódź","Śródmieście","Pomorska","123-139(n)","Łódź","Łódź","łódzkie"
"91-496","Łódź","Bałuty","Aroniowa","","Łódź","Łódź","łódzkie"
"91-493","Łódź","Bałuty","Projektowana","","Łódź","Łódź","łódzkie"
"93-029","Łódź","Górna","Doroty","","Łódź","Łódź","łódzkie"
"94-251","Łódź","Polesie","Azaliowa","","Łódź","Łódź","łódzkie"
"94-125","Łódź","Polesie","Kukuczki Jerzego","","Łódź","Łódź","łódzkie"
"91-502","Łódź","Bałuty","Mosiężna","","Łódź","Łódź","łódzkie"
"91-498","Łódź","Bałuty","Słoneczny Pl.","","Łódź","Łódź","łódzkie"
"(adsbygoogle = window.adsbygoogle || []).push({});"
"91-611","Łódź","Bałuty","Wydmowa","","Łódź","Łódź","łódzkie"
"90-338","Łódź","Widzew","Przędzalniana","60-74(p)","Łódź","Łódź","łódzkie"
"92-016","Łódź","Widzew","Żlebowa","","Łódź","Łódź","łódzkie"
"93-331","Łódź","Górna","Świetna","","Łódź","Łódź","łódzkie"
"91-063","Łódź","Śródmieście","Legionów","1-9(n)","Łódź","Łódź","łódzkie"
"91-404","Łódź","Śródmieście","Pomorska","138-166(p)","Łódź","Łódź","łódzkie"
"91-614","Łódź","Bałuty","Babiego Lata","","Łódź","Łódź","łódzkie"
"91-504","Łódź","Bałuty","Promienna","1-14","Łódź","Łódź","łódzkie"
"93-479","Łódź","Górna","Drzymały","","Łódź","Łódź","łódzkie"
"94-239","Łódź","Polesie","Azotowa","","Łódź","Łódź","łódzkie"
"(adsbygoogle = window.adsbygoogle || []).push({});"
"94-326","Łódź","Polesie","Kurka Wincentego","","Łódź","Łódź","łódzkie"
"91-530","Łódź","Bałuty","Moskule","","Łódź","Łódź","łódzkie"
"91-503","Łódź","Bałuty","Słowicza","","Łódź","Łódź","łódzkie"
"91-614","Łódź","Bałuty","Wypoczynkowa","","Łódź","Łódź","łódzkie"
"93-114","Łódź","Widzew","Przędzalniana","75-109(n), 76-100(p)","Łódź","Łódź","łódzkie"
"92-620","Łódź","Widzew","Żukowskiego Feliksa","","Łódź","Łódź","łódzkie"
"93-479","Łódź","Górna","Świętego Franciszka z Asyżu","25-51, 52-84(p), 53-89(n)","Łódź","Łódź","łódzkie"
"90-401","Łódź","Śródmieście","Legionów","2-12(p)","Łódź","Łódź","łódzkie"
"91-416","Łódź","Śródmieście","Pomorska","2-20(p)","Łódź","Łódź","łódzkie"
"91-170","Łódź","Bałuty","Baczyńskiego Krzysztofa Kamila","","Łódź","Łódź","łódzkie"
"(adsbygoogle = window.adsbygoogle || []).push({});"
"91-335","Łódź","Bałuty","Prożka Franciszka","","Łódź","Łódź","łódzkie"
"93-474","Łódź","Górna","Dubois Stanisława","22-72(p), 23-75(n)","Łódź","Łódź","łódzkie"
"94-239","Łódź","Polesie","Bajana Jerzego","","Łódź","Łódź","łódzkie"
"94-054","Łódź","Polesie","Kusocińskiego Janusza","22-DK","Łódź","Łódź","łódzkie"
"91-604","Łódź","Bałuty","Moskuliki","","Łódź","Łódź","łódzkie"
"91-433","Łódź","Bałuty","Smugowa","","Łódź","Łódź","łódzkie"
"91-305","Łódź","Bałuty","Zachodnia","1-17(n), 2-8(p)","Łódź","Łódź","łódzkie"
"92-313","Łódź","Widzew","Przybyszewskiego Stanisława","202-248(p)","Łódź","Łódź","łódzkie"
"92-636","Łódź","Widzew","Żywiczna","","Łódź","Łódź","łódzkie"
"93-325","Łódź","Górna","Świętego Wojciecha","","Łódź","Łódź","łódzkie"
"(adsbygoogle = window.adsbygoogle || []).push({});"
"90-131","Łódź","Śródmieście","Lindleya Williama","","Łódź","Łódź","łódzkie"
"90-218","Łódź","Śródmieście","Pomorska","61-65(n)","Łódź","Łódź","łódzkie"
"91-526","Łódź","Bałuty","Balsamowa","","Łódź","Łódź","łódzkie"
"91-490","Łódź","Bałuty","Przedwiośnie","","Łódź","Łódź","łódzkie"
"93-412","Łódź","Górna","Dumna","","Łódź","Łódź","łódzkie"
"94-020","Łódź","Polesie","Bandurskiego Władysława Al. (Księdza Biskupa Władysława Bandurskiego)","","Łódź","Łódź","łódzkie"
"94-238","Łódź","Polesie","Kwiatowa","15-45(n), 18-46(p)","Łódź","Łódź","łódzkie"
"91-705","Łódź","Bałuty","Mostowskiego Tadeusza","1-29(n)","Łódź","Łódź","łódzkie"
"91-171","Łódź","Bałuty","Sokołowska","","Łódź","Łódź","łódzkie"
"91-849","Łódź","Bałuty","Zagajnikowa","","Łódź","Łódź","łódzkie"
"(adsbygoogle = window.adsbygoogle || []).push({});"
"92-338","Łódź","Widzew","Przybyszewskiego Stanisława","247-277(n)","Łódź","Łódź","łódzkie"
"93-351","Łódź","Górna","Tabelowa","","Łódź","Łódź","łódzkie"
"91-402","Łódź","Śródmieście","Lubeckiego Franciszka Ksawerego","","Łódź","Łódź","łódzkie"
"90-225","Łódź","Śródmieście","Pomorska","91-105(n)","Łódź","Łódź","łódzkie"
"91-449","Łódź","Bałuty","Bałucki Rynek","4-DK","Łódź","Łódź","łódzkie"
"91-849","Łódź","Bałuty","Przelotna","","Łódź","Łódź","łódzkie"
"93-030","Łódź","Górna","Dygasińskiego Adolfa","","Łódź","Łódź","łódzkie"
"91-084","Łódź","Polesie","Bardowskiego Piotra","","Łódź","Łódź","łódzkie"
"94-227","Łódź","Polesie","Kwiatowa","1-9(n), 2-16(p)","Łódź","Łódź","łódzkie"
"91-766","Łódź","Bałuty","Mostowskiego Tadeusza","22-26(p)","Łódź","Łódź","łódzkie"
"(adsbygoogle = window.adsbygoogle || []).push({});"
"91-485","Łódź","Bałuty","Sowińskiego Józefa (Generała Józefa Sowińskiego)","","Łódź","Łódź","łódzkie"
"91-605","Łódź","Bałuty","Zajączkowskiego Józefa","","Łódź","Łódź","łódzkie"
"92-314","Łódź","Widzew","Przybyszewskiego Stanisława","250-266(p)","Łódź","Łódź","łódzkie"
"93-239","Łódź","Górna","Tatrzańska","122-124(p)","Łódź","Łódź","łódzkie"
"91-404","Łódź","Śródmieście","Lumumby Patrice","1-39","Łódź","Łódź","łódzkie"
"91-404","Łódź","Śródmieście","Poranna","","Łódź","Łódź","łódzkie"
"91-178","Łódź","Bałuty","Bartkiewicza Zygmunta","","Łódź","Łódź","łódzkie"
"91-704","Łódź","Bałuty","Przemysłowa","11-31(n), 18-48(p)","Łódź","Łódź","łódzkie"
"93-524","Łódź","Górna","Dynowska","","Łódź","Łódź","łódzkie"
"90-615","Łódź","Polesie","Barlickiego Norberta Pl. (Doktora Norberta Barlickiego)","","Łódź","Łódź","łódzkie"
"(adsbygoogle = window.adsbygoogle || []).push({});"
"94-214","Łódź","Polesie","Kwiatów Polskich","","Łódź","Łódź","łódzkie"
"91-512","Łódź","Bałuty","Mrówcza","","Łódź","Łódź","łódzkie"
"91-612","Łódź","Bałuty","Spiska","","Łódź","Łódź","łódzkie"
"91-504","Łódź","Bałuty","Zajęcza","","Łódź","Łódź","łódzkie"
"93-110","Łódź","Widzew","Przybyszewskiego Stanisława","82-92(p), 105-121(n)","Łódź","Łódź","łódzkie"
"93-279","Łódź","Górna","Tatrzańska","85-111(n)","Łódź","Łódź","łódzkie"
"90-160","Łódź","Śródmieście","Małachowskiego Stanisława","1-DK(n)","Łódź","Łódź","łódzkie"
"91-420","Łódź","Śródmieście","Północna","1-33(n), 2-30(p)","Łódź","Łódź","łódzkie"
"91-504","Łódź","Bałuty","Bażancia","","Łódź","Łódź","łódzkie"
"91-837","Łódź","Bałuty","Przodowników Pracy","","Łódź","Łódź","łódzkie"
"(adsbygoogle = window.adsbygoogle || []).push({});"
"93-640","Łódź","Górna","Dzikich Pól","","Łódź","Łódź","łódzkie"
"94-204","Łódź","Polesie","Barona Smukłego Henryka","","Łódź","Łódź","łódzkie"
"94-111","Łódź","Polesie","Laskowicka","","Łódź","Łódź","łódzkie"
"91-465","Łódź","Bałuty","Murarska","1-15(n), 2-18(p)","Łódź","Łódź","łódzkie"
"91-738","Łódź","Bałuty","Sporna","1-77(n), 2-70(p)","Łódź","Łódź","łódzkie"
"91-498","Łódź","Bałuty","Zakochanych Al.","","Łódź","Łódź","łódzkie"
"92-644","Łódź","Widzew","Przylesie","","Łódź","Łódź","łódzkie"
"93-208","Łódź","Górna","Tatrzańska","88-120(p)","Łódź","Łódź","łódzkie"
"90-408","Łódź","Śródmieście","Próchnika Adama","1-11(n)","Łódź","Łódź","łódzkie"
"91-180","Łódź","Bałuty","Belgijska","","Łódź","Łódź","łódzkie"
"(adsbygoogle = window.adsbygoogle || []).push({});"
"91-480","Łódź","Bałuty","Przyrodnicza","","Łódź","Łódź","łódzkie"
"93-414","Łódź","Górna","Dźwiękowa","","Łódź","Łódź","łódzkie"
"94-058","Łódź","Polesie","Batalionów Chłopskich","","Łódź","Łódź","łódzkie"
"91-073","Łódź","Polesie","Legionów","103-DK(n)","Łódź","Łódź","łódzkie"
"91-459","Łódź","Bałuty","Murarska","41-DK(n), 48-DK(p)","Łódź","Łódź","łódzkie"
"91-708","Łódź","Bałuty","Sporna","79-89(n)","Łódź","Łódź","łódzkie"
"91-864","Łódź","Bałuty","Zawilcowa","","Łódź","Łódź","łódzkie"
"92-109","Łódź","Widzew","Pstrowskiego Wincentego","","Łódź","Łódź","łódzkie"
"93-472","Łódź","Górna","Teodorowicza Józefa","","Łódź","Łódź","łódzkie"
"90-453","Łódź","Śródmieście","Radwańska","2-16(p)","Łódź","Łódź","łódzkie"
"(adsbygoogle = window.adsbygoogle || []).push({});"
"91-492","Łódź","Bałuty","Bema Józefa (Generała Józefa Bema)","","Łódź","Łódź","łódzkie"
"91-498","Łódź","Bałuty","Przytulna Al.","","Łódź","Łódź","łódzkie"
"93-426","Łódź","Górna","Ekonomiczna","","Łódź","Łódź","łódzkie"
"93-161","Łódź","Górna","Kraszewskiego Józefa Ignacego","","Łódź","Łódź","łódzkie"
"94-401","Łódź","Polesie","Batalionu Platerówek","","Łódź","Łódź","łódzkie"
"91-069","Łódź","Polesie","Legionów","11-59(n)","Łódź","Łódź","łódzkie"
"91-227","Łódź","Bałuty","Na Uboczu","","Łódź","Łódź","łódzkie"
"91-316","Łódź","Bałuty","Srebrna","8-14a","Łódź","Łódź","łódzkie"
"91-342","Łódź","Bałuty","Zbąszyńska","","Łódź","Łódź","łódzkie"
"92-110","Łódź","Widzew","Raszyńska","","Łódź","Łódź","łódzkie"
"(adsbygoogle = window.adsbygoogle || []).push({});"
"93-473","Łódź","Górna","Terenowa","","Łódź","Łódź","łódzkie"
"93-574","Łódź","Śródmieście","Radwańska","32-DK(p), 37-DK(n)","Łódź","Łódź","łódzkie"
"91-360","Łódź","Bałuty","Berylowa","","Łódź","Łódź","łódzkie"
"91-496","Łódź","Bałuty","Pstrągowa","","Łódź","Łódź","łódzkie"
"93-481","Łódź","Górna","Emerytalna","","Łódź","Łódź","łódzkie"
"93-645","Łódź","Górna","Kresowych Stanic","","Łódź","Łódź","łódzkie"
"94-215","Łódź","Polesie","Biegunowa","","Łódź","Łódź","łódzkie"
"90-701","Łódź","Polesie","Legionów","14-32(p)","Łódź","Łódź","łódzkie"
"91-606","Łódź","Bałuty","Nad Niemnem","","Łódź","Łódź","łódzkie"
"91-366","Łódź","Bałuty","Stara Baśń","","Łódź","Łódź","łódzkie"
"(adsbygoogle = window.adsbygoogle || []).push({});"
"91-493","Łódź","Bałuty","Zbijewskiej Julii","","Łódź","Łódź","łódzkie"
"92-637","Łódź","Widzew","Rataja Macieja","","Łódź","Łódź","łódzkie"
"93-231","Łódź","Górna","Tomaszowska","1-45(n), 2-28(p)","Łódź","Łódź","łódzkie"
"90-273","Łódź","Śródmieście","Rewolucji 1905 R.","1-11(n), 2-14(p)","Łódź","Łódź","łódzkie"
"91-046","Łódź","Bałuty","Biała","","Łódź","Łódź","łódzkie"
"91-021","Łódź","Bałuty","Pułaskiego Kazimierza (Generała Kazimierza Pułaskiego)","1-DK(n), 2-12(p)","Łódź","Łódź","łódzkie"
"93-494","Łódź","Górna","Ewangelicka","","Łódź","Łódź","łódzkie"
"93-144","Łódź","Górna","Krochmalna","","Łódź","Łódź","łódzkie"
"94-317","Łódź","Polesie","Bobslejowa","","Łódź","Łódź","łódzkie"
"91-070","Łódź","Polesie","Legionów","61-79(n)","Łódź","Łódź","łódzkie"
"(adsbygoogle = window.adsbygoogle || []).push({});"
"91-348","Łódź","Bałuty","Nad Sokołówką","","Łódź","Łódź","łódzkie"
"91-754","Łódź","Bałuty","Starosikawska","","Łódź","Łódź","łódzkie"
"91-478","Łódź","Bałuty","Zdrojowa","","Łódź","Łódź","łódzkie"
"93-109","Łódź","Widzew","Rawska","","Łódź","Łódź","łódzkie"
"93-487","Łódź","Górna","Toruńska","","Łódź","Łódź","łódzkie"
"90-206","Łódź","Śródmieście","Rewolucji 1905 R.","13-31(n)","Łódź","Łódź","łódzkie"
"91-358","Łódź","Bałuty","Biedronkowa","","Łódź","Łódź","łódzkie"
"91-837","Łódź","Bałuty","Racjonalizatorów","","Łódź","Łódź","łódzkie"
"93-424","Łódź","Górna","Falowa","","Łódź","Łódź","łódzkie"
"93-308","Łódź","Górna","Króla Władysława Warneńczyka","","Łódź","Łódź","łódzkie"
"(adsbygoogle = window.adsbygoogle || []).push({});"
"94-236","Łódź","Polesie","Bohaterów Monte Cassino","","Łódź","Łódź","łódzkie"
"90-762","Łódź","Polesie","Legionów","74-86(p)","Łódź","Łódź","łódzkie"
"91-364","Łódź","Bałuty","Nagietkowa","","Łódź","Łódź","łódzkie"
"91-763","Łódź","Bałuty","Staszica Stanisława (Księdza Stanisława Staszica)","11-DK(n)","Łódź","Łódź","łódzkie"
"91-473","Łódź","Bałuty","Zgierska","115-123(n)","Łódź","Łódź","łódzkie"
"92-649","Łódź","Widzew","Relaksowa","","Łódź","Łódź","łódzkie"
"93-570","Łódź","Górna","Towarowa","","Łódź","Łódź","łódzkie"
"90-215","Łódź","Śródmieście","Rewolucji 1905 R.","45-49(n)","Łódź","Łódź","łódzkie"
"91-473","Łódź","Bałuty","Biegańskiego Władysława (Doktora Władysława Biegańskiego)","1-27","Łódź","Łódź","łódzkie"
"91-335","Łódź","Bałuty","Radłowa","","Łódź","Łódź","łódzkie"
"(adsbygoogle = window.adsbygoogle || []).push({});"
"93-338","Łódź","Górna","Faszynowa","","Łódź","Łódź","łódzkie"
"93-319","Łódź","Górna","Królewska","","Łódź","Łódź","łódzkie"
"94-404","Łódź","Polesie","Bohaterów Września","","Łódź","Łódź","łódzkie"
"94-234","Łódź","Polesie","Legnicka","","Łódź","Łódź","łódzkie"
"91-231","Łódź","Bałuty","Nasienna","","Łódź","Łódź","łódzkie"
"91-358","Łódź","Bałuty","Stawowa","","Łódź","Łódź","łódzkie"
"91-320","Łódź","Bałuty","Zgierska","124-142(p)","Łódź","Łódź","łódzkie"
"92-709","Łódź","Widzew","Rodzynkowa","","Łódź","Łódź","łódzkie"
"93-367","Łódź","Górna","Trębacka","","Łódź","Łódź","łódzkie"
"94-403","Łódź","Polesie","1 Korpusu Pancernego WP","","Łódź","Łódź","łódzkie"
"(adsbygoogle = window.adsbygoogle || []).push({});"
"90-216","Łódź","Śródmieście","Rewolucji 1905 R.","51-59a(n)","Łódź","Łódź","łódzkie"